h,w,pred,true
0,66,0.0329434416569754,0
0,67,0.018211121769621922,0
0,70,0.011259166778949076,0
0,81,0.03409713401341569,0
1,66,0.09860731501100296,0
1,67,0.09820567734099891,0
1,78,0.0899763205432556,0
1,80,0.16807594526199804,0
1,81,0.3338882346483419,2
1,82,0.05455092380442629,0
2,66,0.4831362253501088,0
2,67,0.05579034180705922,1
2,68,0.15756471548754045,0
2,69,0.017245638405790818,0
2,70,0.2906797267947356,1
2,78,0.1344485206585174,1
2,79,0.5075335661349981,0
2,80,0.43187541775418864,0
2,81,0.08785726252826366,0
2,82,0.07190166075945978,0
2,83,0.004876250161153065,0
2,84,0.07440694747145596,0
3,61,0.1799791912872051,0
3,62,0.015476519007199268,0
3,66,0.6480664563411698,1
3,67,0.25821891243691253,0
3,68,0.36411052762837515,0
3,69,0.658861041346183,1
3,70,0.4933667043374407,3
3,71,0.007890799863975659,0
3,73,0.3213031313125617,0
3,74,0.053619456495576784,0
3,75,0.3168902599612394,0
3,76,0.11790276917845748,0
3,77,0.07822835755225392,1
3,78,0.8545661612072243,1
3,79,0.16140384666393254,0
3,80,0.18104062086847883,0
3,81,0.17487630202026241,0
3,82,0.04948782665323976,0
4,60,0.09943779466812024,0
4,61,1.8718156403766555,4
4,62,0.41662693407922885,1
4,63,0.1577210135379435,0
4,64,0.3319577480503604,0
4,65,0.16403438651277197,0
4,66,0.3505422727134772,1
4,70,0.013797850280829853,0
4,71,0.1633482555539311,0
4,72,0.4208797688477507,0
4,78,0.05664233449847239,0
4,81,0.028482821702213643,0
5,61,0.22092052555915312,1
5,62,0.5028585943843569,2
5,63,0.23274853471551962,0
5,64,0.08511321907944,0
5,65,0.2872921655111196,0
5,70,0.029425450886463617,0
5,78,0.5279445726319704,0
5,79,0.05651176653363148,0
5,80,0.1107274660611747,0
5,81,0.1758395865458989,0
5,82,0.03709379040149516,0
6,57,0.07381719039792689,0
6,58,0.10962777471229213,0
6,59,0.06448357097071022,0
6,60,0.012065059655428817,0
6,61,0.24511826960509953,0
6,62,0.10688517421264872,0
6,63,0.04259658323355911,0
6,64,0.1057189488472706,0
6,65,0.1988107186798058,0
6,66,0.06854560195005119,0
6,69,0.022702770051386358,0
6,75,0.0052830856463616065,0
6,77,0.024215581703672936,0
6,78,0.29522096901963785,0
6,81,0.0059092371049491435,0
7,53,0.32136924689352336,1
7,54,0.12315003974331841,0
7,55,0.4367776190831604,0
7,56,0.22616222868071387,0
7,57,0.876540015082315,1
7,58,0.36710403144825715,1
7,59,0.04147040972951291,0
7,60,0.09303665231314051,0
7,61,0.7233632346617573,0
7,62,0.13053952477256134,0
7,63,0.18193179521246075,0
7,64,0.20800833904733834,1
7,65,0.39466812822387853,0
7,66,0.09217702897697719,0
8,42,0.01793507342150252,0
8,43,0.008942261669740962,0
8,44,0.10328926694670781,0
8,45,0.1699418531133117,0
8,46,0.02733530258820951,0
8,47,0.032623923964010995,0
8,48,0.05975989254094759,0
8,49,0.011230011749665864,0
8,51,0.007116393115443745,0
8,52,0.012768114356533626,0
8,53,0.32318814869207374,0
8,54,0.01331052602531312,0
8,55,0.05880202711394477,0
8,56,0.2994196396339077,0
8,57,0.4095516354409735,2
8,58,0.34388398779041035,1
8,59,0.12346223951625893,0
8,60,0.14241218599237035,0
8,61,0.22103555741486478,0
8,62,0.05593865781100532,0
8,63,0.2421911757241099,0
8,64,0.23127300554505328,0
8,65,0.2506967651979476,0
8,66,0.0723035940856579,0
8,69,0.012873833644062721,0
8,74,0.03390621958742657,0
8,78,0.18633164615219358,0
8,80,0.014317702105329198,0
8,81,0.07855007617812053,0
8,82,0.08536719893792091,0
9,42,0.0532543453908146,0
9,45,0.0035213822797633748,0
9,47,0.024225332429775294,0
9,48,0.03340856980106545,0
9,49,0.053718988213399384,0
9,52,0.027828565742957986,0
9,53,0.38200702309424184,1
9,54,0.09168007381835941,0
9,55,0.07634820372063207,0
9,56,0.09624403145538118,0
9,57,0.799913478350145,1
9,58,0.10511134343577148,0
9,59,0.25546169474018887,1
9,60,0.12012697322270058,0
9,61,0.772196549252412,1
9,62,0.1596936861692087,0
9,63,0.26975406769114724,0
9,64,0.4712559956400573,1
9,65,1.3528778267608803,1
9,66,0.9590830466565687,1
9,67,0.47536368458112077,0
9,68,0.2697350833747507,0
9,69,0.5551850782964645,0
9,70,0.13651193895191543,0
9,74,0.007133888508556024,0
9,78,0.026187197534624,0
9,81,0.06841375200206191,0
9,82,0.11747202476795404,0
9,83,0.01855289315214621,0
10,42,0.11410140962842184,0
10,43,0.0044005044895966215,0
10,45,0.20191286507846729,1
10,46,0.09772014712617544,0
10,47,0.14076856667984414,0
10,48,0.25107621906316224,0
10,49,0.24657903341311896,2
10,50,0.1322303837196911,0
10,51,0.12674061203511366,0
10,52,0.13267748098041912,0
10,53,0.7422977317680154,0
10,54,0.36656596708133504,0
10,55,0.2956449800470457,0
10,56,0.37974508822455266,0
10,57,0.9049436909716181,0
10,58,0.3741696327346461,0
10,59,0.3289371646497153,1
10,60,0.05788359194891393,0
10,61,1.228730674675422,2
10,62,0.2825889049528615,0
10,63,0.14686963917097676,2
10,64,0.34772573417724273,0
10,65,0.7301491056740096,3
10,66,0.7927157360028775,0
10,67,0.6994701824679452,1
10,68,0.49679233078782986,0
10,69,0.4440022568000359,1
10,70,0.3948164772421059,0
10,74,0.03618465813471017,1
10,78,0.1400606651728205,0
10,81,0.021246393453618454,0
10,82,0.10057183394193965,1
10,83,0.01787790626157505,0
10,84,0.030857566806184684,0
11,45,0.10289955733246595,0
11,46,0.09016981421025654,0
11,47,0.0577294857881169,0
11,48,0.07125559519892756,0
11,49,0.16102483201364587,0
11,50,0.02661487742321861,0
11,52,0.02680721485966323,0
11,53,0.3448892102552799,0
11,54,0.09081799895778524,0
11,55,0.06944522254616367,0
11,56,0.1329692631727453,0
11,57,0.18516037744938324,0
11,58,0.6164668413765645,0
11,59,0.26050408050168894,0
11,60,0.11690606642923158,0
11,61,1.0361574334415398,0
11,62,0.0353646569014303,0
11,63,0.40641853306291564,0
11,64,0.8049694345020522,0
11,65,0.7743029605606525,1
11,66,0.2684823008896118,1
11,67,0.3630433515807961,0
11,68,0.3538147208253965,0
11,69,0.023487006914111295,0
11,70,0.4984693359054169,0
11,71,0.04302564219402889,0
11,74,0.01230629446571221,0
11,77,0.010666297215673358,0
11,78,0.0744607036570839,0
11,81,0.07900716308564726,0
11,82,0.14143147953498186,0
11,83,0.055727868680706144,0
11,84,0.02127555685672319,0
11,85,0.00782169327149022,0
12,45,0.061805233916079935,0
12,46,0.0028250771117382533,0
12,47,0.008636671613037536,0
12,48,0.025913748448657733,0
12,49,0.12033726529104964,0
12,50,0.003163155034631138,0
12,52,0.011157103195768759,0
12,53,0.179979011879973,0
12,54,0.010555296569330292,0
12,55,0.046522661914582285,0
12,56,0.1326356757393607,2
12,57,0.08509867759852925,0
12,58,0.17977329701131012,0
12,59,0.019045671190588722,0
12,60,0.0419153806465338,0
12,61,0.33254649666614716,0
12,62,0.06413926474832497,0
12,63,0.051290923363111474,0
12,64,0.12615255277331572,0
12,65,0.48630899556242047,0
12,66,0.12338612013144996,0
12,67,0.19830619052158763,1
12,68,0.16321124862718991,0
12,69,0.055284369559930185,0
12,71,0.04681189245201844,0
12,76,0.028580424558591333,0
12,77,0.18064545900446627,0
12,78,0.3980547171599513,1
12,79,0.08407826485333203,0
12,80,0.2172676334782976,0
12,81,0.22963527610344941,1
12,82,0.4189552581602598,1
12,83,0.20725367900057223,0
12,84,0.18433933266873298,0
12,85,0.01318782206628873,1
13,45,0.1263000177213795,0
13,46,0.09382940972440035,0
13,47,0.014482397564689144,0
13,48,0.017024773409087864,1
13,49,0.09152829580298968,0
13,50,0.02961163616441306,0
13,51,0.03894187104623314,0
13,52,0.03840108674482477,0
13,53,0.5035584395714565,1
13,54,0.10374926172713866,0
13,55,0.1382231947686834,0
13,56,0.11511758987311563,1
13,57,0.09737294977872062,0
13,58,0.7202285014898463,0
13,59,0.43356561709568603,0
13,60,0.3109331992633676,0
13,61,1.1806608306429844,2
13,62,0.1618524233208481,0
13,63,0.3070336995392246,1
13,64,0.9377977484211599,1
13,65,0.9150165564371793,2
13,66,0.541697976240565,0
13,67,2.0007634262492813,1
13,68,0.3045972488773473,0
13,69,0.4462038996389421,1
13,70,0.04874801215328562,0
13,71,0.286260538039448,0
13,72,0.4507605928607499,0
13,73,0.48518153730100483,0
13,74,0.050287060064819256,0
13,75,0.020120337097270468,0
13,76,0.6050585186945149,0
13,77,0.0970470015713493,0
13,78,0.6569690843137266,0
13,79,0.11129869579955286,0
13,81,0.06793557056025802,0
13,82,0.1691612839890407,1
13,83,0.06160446450797635,0
13,84,0.022307128158244614,0
14,45,0.04591628349492964,0
14,46,0.028111127252594438,0
14,53,0.536541456633937,0
14,54,0.21001932629951126,1
14,55,0.06313771216017153,0
14,56,0.18514394808037032,0
14,57,0.30418085623014035,0
14,58,0.5012920811290577,0
14,59,1.0073000205884972,0
14,60,0.16820260067125717,0
14,61,2.0918067071889404,0
14,62,0.09496255324255304,0
14,63,0.23505649543566942,0
14,64,0.6786937962258442,1
14,65,0.421108104043543,0
14,66,0.08836371614004124,0
14,67,1.1645670466112708,1
14,68,0.20702028552895635,0
14,69,0.06751660492593095,0
14,70,0.008937438913678998,0
14,71,0.0667312792753726,0
14,73,0.03212279319622123,0
14,75,0.19504399240144524,0
14,76,0.08779518575871395,0
14,77,0.14389006441712626,0
14,78,0.10456812945943496,0
14,79,0.35390805557016414,1
14,80,0.07359196537768295,0
14,81,0.09261063255392804,1
14,82,0.41089785952065117,1
14,83,0.04967321999472496,0
15,53,0.17722287783173504,0
15,54,0.0516366885880304,0
15,55,0.07687235357960605,0
15,56,0.07109551271584834,0
15,57,0.08284900321963956,1
15,58,0.06117765818848759,0
15,59,0.15634282517926273,0
15,60,0.05398446238236844,0
15,61,1.8828062294291705,1
15,62,0.1275828841249426,0
15,63,0.21625824997190501,0
15,64,0.34748162306418306,0
15,65,0.14804906274546503,0
15,66,0.10863046645715393,0
15,67,0.055868600055049206,1
15,69,0.04551462638333338,0
15,70,0.12715778529373847,0
15,71,0.010684309887028686,0
15,72,0.021083344334234953,0
15,73,0.02105652981912196,0
15,74,0.021208978755336706,0
15,75,0.07571846544547209,0
15,76,0.10278045553592066,0
15,77,0.11782688920696703,1
15,78,0.11649197315879216,2
15,79,0.12859446988796802,0
15,82,0.49424953766613666,0
15,83,0.23269121198549286,1
15,84,0.011997537790798186,0
16,53,0.5594473212745765,1
16,54,0.393905731079311,1
16,55,0.3049455006340737,0
16,56,0.7561352493674401,0
16,57,1.2794612120614823,1
16,58,0.5321435401199256,0
16,59,0.7959127037162217,0
16,60,0.3392601623009767,0
16,61,1.5403559801468816,2
16,62,0.4748233817876582,0
16,63,0.6323415575196566,1
16,64,1.0627571879060755,0
16,65,0.9657294266215659,2
16,66,0.6966842530602103,0
16,67,0.4557222701135144,0
16,68,0.2243212984236757,0
16,69,0.8382813898269716,2
16,70,0.1593632437029514,0
16,71,0.7167948908768347,0
16,72,1.7814806166941264,1
16,73,1.6099183671315327,1
16,74,2.081227219678311,1
16,75,1.0712599593838483,0
16,76,0.4539384048935213,0
16,77,0.47258288218216243,0
16,78,0.21649532003030392,0
16,79,1.1841043987170752,1
16,80,0.3784555264445422,0
16,81,0.04808833285485246,0
16,82,0.6550677962800857,1
16,83,0.047961162503673146,0
17,53,0.44676026790040974,0
17,54,0.02558132675053432,0
17,56,0.05017816559219697,0
17,57,0.8561094639957407,1
17,58,0.11739045844683409,0
17,59,0.1810063016467412,0
17,60,0.19536438906893522,1
17,61,0.32791926087233464,2
17,62,0.1627246210625798,0
17,63,0.1166818152634502,0
17,64,0.46712402853040746,0
17,65,0.09809873051507645,0
17,66,0.02244674327521538,0
17,67,0.24699876597956996,1
17,68,0.18569833514928008,0
17,69,0.9302336762259412,3
17,70,0.36051997174463357,0
17,71,0.40167288786227295,0
17,72,1.1634604955610925,1
17,73,1.2232137565046948,0
17,74,0.4876468621304879,2
17,75,0.2040967978239357,0
17,76,0.13690198117254704,1
17,77,0.2223922491297872,0
17,78,0.2522603294679418,0
17,79,0.6298146239029592,0
17,80,0.3582694080699749,0
17,81,1.0769703038106355,1
17,82,0.06457580415150686,0
18,41,0.06170266301672205,0
18,42,0.03032979070531118,0
18,43,0.061959724881813706,0
18,45,0.4681941576632408,0
18,53,0.08951829734103217,0
18,54,0.02692574184737232,0
18,56,0.10675600880950126,0
18,57,0.8076289090866899,0
18,58,0.15915536265169705,0
18,59,0.18163553639929578,0
18,60,0.6726561544617963,0
18,61,0.7304356937037622,1
18,62,0.1814684483336763,0
18,63,0.134468583111866,0
18,64,0.21219746466680306,0
18,65,0.3369796711900906,0
18,66,0.08668620157592824,0
18,67,1.002611915057634,0
18,68,0.32670558306916103,0
18,69,0.9320865030857378,1
18,70,0.13544456236666075,0
18,71,0.13810566871635294,0
18,72,1.0124371323901131,0
18,73,0.40617311474156315,1
18,74,0.31299924926350653,0
18,75,0.1310057641110386,0
18,76,0.23170323834488843,0
18,77,0.9751968283210832,0
18,78,0.14782240126478152,0
18,79,0.48535002023472995,0
18,80,0.2677254338751722,0
18,81,0.7916106917178019,1
19,41,0.09835085808193955,0
19,42,0.06763254995596683,0
19,43,0.03675973608933479,0
19,44,0.04109774800982375,0
19,45,0.5333625246087682,1
19,46,0.2548862019348287,0
19,47,0.12229337843588546,0
19,48,0.0414116174042246,0
19,49,0.6925366046440738,0
19,50,0.06364058038845322,0
19,51,0.39280537477658184,1
19,52,0.07622649266363217,0
19,53,1.4375259834632077,0
19,54,0.17727850084666502,0
19,55,1.446636845332875,1
19,56,0.9733539481842128,0
19,57,1.8329635013773395,2
19,58,0.6508645576076363,0
19,59,1.3659656532175581,1
19,60,1.3524680678046777,2
19,61,2.001172866257744,0
19,62,0.42048843528975827,2
19,63,1.1189631782464051,0
19,64,2.155898170214461,1
19,65,1.4235370438535535,2
19,66,1.144670566772739,0
19,67,1.2703202511606582,2
19,68,0.9153384403028993,2
19,69,1.250036255129389,2
19,70,0.5457935932153667,0
19,71,0.3024736017493332,0
19,72,3.7744033748303187,3
19,73,0.5452228380369365,0
19,74,0.4368934260797694,1
19,75,0.1805614098462143,0
19,76,0.9054216756582257,0
19,77,0.317865251735117,2
19,78,0.11177901236540459,0
19,79,0.7686363777477084,0
19,80,0.6002774429542814,0
19,81,0.2676918861552713,0
20,41,0.2607117324148304,0
20,42,0.01764406517211167,0
20,43,0.06430053631647738,0
20,44,0.16295344355604593,0
20,45,0.5863932934460548,0
20,46,0.13679014796886765,0
20,47,0.47793871845373576,3
20,48,0.0769752530341096,0
20,49,0.6231600446631324,0
20,50,0.12315338400126807,0
20,51,0.20995964448579582,1
20,52,0.17762935089390994,0
20,53,0.5647375268547015,0
20,54,0.31579537374294686,0
20,55,0.5523044880842704,0
20,56,0.3053771627882631,0
20,57,1.2067231819292896,1
20,58,0.37915343054979106,0
20,59,0.8521525736823375,1
20,60,0.5102834132705125,0
20,61,0.7309962557380274,1
20,62,0.7713175952326625,0
20,63,0.4082525811916341,0
20,64,0.9730122682776594,0
20,65,1.0960937821498957,0
20,66,0.5499830352939958,0
20,67,0.8306854664137927,0
20,68,1.5580786029342029,1
20,69,1.4039774853646827,1
20,70,0.24482787633978056,0
20,71,0.38256896427941567,0
20,72,1.5075548655893853,1
20,73,0.48563587626583465,1
20,74,1.596770666903605,0
20,75,0.24928832951915258,0
20,76,0.40724347792330007,2
20,77,0.2048179815777876,0
20,78,0.1838027316707998,0
20,79,0.33297387590731636,1
20,80,0.10484083333918938,0
20,81,0.10700625060289319,0
21,41,0.6854669473162507,1
21,42,0.3305506591975226,0
21,43,0.25564999672988653,1
21,44,0.6988532281854825,0
21,45,0.6491605996441149,1
21,46,0.1909342241122099,0
21,47,0.35368590440538106,1
21,48,0.22198693185904908,1
21,49,1.7718914209069385,1
21,50,0.3409526733502466,0
21,51,0.16693655577344962,0
21,52,0.11742777589515573,0
21,53,0.6224809040245675,0
21,54,0.11170288014147448,0
21,55,0.1806070547072493,0
21,56,0.2663030643678191,1
21,57,0.5828914817442735,0
21,58,0.3566010545596064,1
21,59,0.5436180476966271,0
21,60,0.4059248099571213,0
21,61,0.9661132234522074,2
21,62,0.27894128166548954,1
21,63,0.41286397452963425,0
21,64,0.34832351458957905,0
21,65,0.20376472928405912,0
21,66,0.6373322432324016,0
21,67,0.7942171180221751,0
21,68,1.197666695481887,2
21,69,0.7463721442169912,1
21,70,0.10128832715113335,0
21,71,0.21212809261019155,0
21,72,2.25356908411001,1
21,73,0.48085015880512916,0
21,74,0.7969700913272598,0
21,75,0.09281207226900638,0
21,76,0.35185681091381743,0
21,77,0.1547399869395923,0
21,78,0.10111319328257506,0
21,79,0.1111992002273442,0
21,80,0.12195993610750362,0
21,81,0.32809109436105327,0
22,41,0.5014670728094223,1
22,42,0.00623252708176937,0
22,43,0.06240789817642462,0
22,44,0.04499239093376181,0
22,45,0.25931374846727756,0
22,46,0.07293105314883933,0
22,47,0.07713806870431818,0
22,48,0.11957031732729936,0
22,49,0.8316558800807524,0
22,50,0.0804241791417738,0
22,51,0.1432550206513532,0
22,52,0.14915258959150718,0
22,53,1.0131849649033733,0
22,54,0.16149064149447434,0
22,55,1.7846038830823465,1
22,56,1.1015617533630677,1
22,57,1.9751182183913327,0
22,58,0.5850600821425228,1
22,59,1.1027248654203192,1
22,60,1.0131281580485703,0
22,61,1.7351940608015555,2
22,62,0.4445656021849995,0
22,63,1.2268744814926253,0
22,64,1.61519254968831,1
22,65,1.7173474352147204,0
22,66,1.2091704138735095,3
22,67,0.788531301042047,1
22,68,1.6216123872502135,1
22,69,1.095034416626326,4
22,70,0.5822434704458539,1
22,71,0.5681656515779587,2
22,72,4.488774456858299,2
22,73,0.6726954440068702,0
22,74,1.3260906692812238,2
22,75,0.3126904291265651,0
22,76,0.7754730611522365,0
22,77,0.38647287540618086,0
22,78,0.25149315912159237,0
22,79,0.33923848229529646,2
22,80,0.5088016850763581,0
23,41,0.4328833378888928,0
23,43,0.021816752586963674,0
23,44,0.015907993931723374,0
23,45,0.39019840102444703,0
23,46,0.007170716345709801,0
23,47,0.03182355798785193,0
23,48,0.024115589791909076,0
23,49,0.29508108064915245,0
23,51,0.07325794009213378,0
23,52,0.31406063414211405,1
23,53,0.7531024915803736,1
23,54,0.09168630478575054,0
23,55,1.0644240122208128,0
23,56,0.46537243164092545,0
23,57,1.5444218697714611,2
23,58,0.7405514095278537,3
23,59,0.735780340609341,1
23,60,0.8528862759239437,0
23,61,1.8967617648531059,1
23,62,0.6852368476369589,1
23,63,0.9796670583902385,2
23,64,2.243945101592646,1
23,65,2.3746406971051752,1
23,66,1.5858425566279635,1
23,67,1.4069916518248546,1
23,68,2.672027286552938,0
23,69,0.7247720595144689,2
23,70,1.1762876951204726,0
23,71,0.8802753672708252,0
23,72,3.626404079756857,0
23,73,0.5293770620568428,0
23,74,1.209633696031329,0
23,75,0.4381566474548787,0
23,76,1.0557276686023889,2
23,77,0.8655190194974521,1
23,78,0.28904481808428756,1
23,79,0.17277846707625114,0
23,80,0.039662238220179016,1
24,41,0.23815524025762108,0
24,43,0.01281550686975326,0
24,45,0.42124863651467304,1
24,46,0.12661675895524724,1
24,47,0.08799347504426931,0
24,48,0.21821312141881108,0
24,49,0.5236182090394981,1
24,50,0.1516413808930188,0
24,51,0.3394266178001708,1
24,52,0.6414900245557136,1
24,53,1.0598432540929277,0
24,54,0.3584791402509929,0
24,55,0.5894566950778122,0
24,56,0.4998083695295443,0
24,57,0.6683219765077937,0
24,58,0.43286250282056143,1
24,59,0.29134897551262806,0
24,60,0.17797465926269096,0
24,61,0.3098397809231385,1
24,62,0.009708349759434905,0
24,63,0.19400311220116292,1
24,64,0.3394212062719051,0
24,65,0.4209713789198053,0
24,66,0.6266975904123704,2
24,67,0.3541753092091088,0
24,68,0.680960233827227,0
24,69,0.15554146449506984,0
24,70,0.3188401249561179,2
24,71,0.24224004883775516,0
24,72,1.0996773033135667,4
24,73,0.5046936626665355,1
24,74,0.5192435601348713,2
24,75,0.12422222523619249,1
24,76,0.44562986896878193,1
24,77,0.7811515184921802,0
24,78,0.46953511944592935,3
25,41,0.0468203599024465,0
25,43,0.054621912053789044,0
25,44,0.021738715481477926,0
25,45,0.7075936536625526,0
25,46,0.08334581529190213,0
25,47,0.006288469223163972,0
25,49,0.06551806147557941,0
25,50,0.028353628719768483,1
25,51,0.17336654383318975,0
25,52,0.5873115128405088,0
25,53,1.542850619009624,2
25,54,0.33365897050619014,0
25,55,0.9587820860493643,1
25,56,0.27459312763168003,0
25,57,1.6888709036606342,3
25,58,0.6173007020135463,0
25,59,1.1413907418083253,0
25,60,0.5575676889697542,1
25,61,1.780060290373192,1
25,62,1.0708162458175563,0
25,63,0.7995682058808908,1
25,64,3.268436391425889,5
25,65,3.8762690302412754,2
25,66,2.0879245374236173,2
25,67,1.197386775112403,2
25,68,1.423100394604503,3
25,69,0.1616606760809412,1
25,70,0.13733696894502373,0
25,71,0.4265506939013421,0
25,72,1.6881236701906002,2
25,73,0.9705026198392909,1
25,74,1.2106383099040308,0
25,75,0.5991517890633211,1
25,76,0.886509050060037,3
25,77,0.3594636696982731,1
26,29,0.013143908229418057,0
26,30,0.028823124318227908,0
26,31,0.028593538954327445,0
26,32,0.03114065491962886,0
26,33,0.013509737960529757,0
26,34,0.03440248641208543,0
26,35,0.04229467871676128,0
26,36,0.00982242084934883,0
26,37,0.059550499796817466,0
26,38,0.009736193296149612,0
26,40,0.03977626442727905,0
26,41,1.0324756425348398,0
26,42,0.12106795006308797,0
26,43,0.24222126179186668,0
26,44,0.22423701159868292,0
26,45,1.0588201829564967,1
26,46,0.3607076959031262,2
26,47,0.4457074661258947,1
26,48,0.20482564913512424,0
26,49,0.6993618370979465,0
26,50,0.37485174404183225,1
26,51,0.5270263593506991,0
26,52,0.30449551071879,0
26,53,0.9607162293502652,1
26,54,0.37042479261476846,0
26,55,0.8770941912133722,0
26,56,0.3937816613442624,0
26,57,1.8138384212992318,2
26,58,0.3159651736289645,0
26,59,0.6935492694935743,0
26,60,0.6418878777883978,0
26,61,1.2195004749015732,3
26,62,0.37057539503797443,2
26,63,0.8849371700673674,3
26,64,1.2664753263599824,1
26,65,1.1042311117234782,1
26,66,1.5087616986232655,0
26,67,1.4796282003690213,0
26,68,1.405179485236418,1
26,69,0.32645034322844213,0
26,70,0.653677640801186,2
26,71,0.6237938078342449,2
26,72,1.245024815010987,0
26,73,0.42700577692301334,0
26,74,0.590999192317582,0
26,75,0.31039748011790097,0
26,76,0.2852064652166158,1
27,29,0.09160580862499489,0
27,30,0.2003133441239412,0
27,31,0.10068058787727041,0
27,32,0.0695813660834105,0
27,33,0.1671084181681768,1
27,34,0.09374713481095559,0
27,35,0.13955587231566924,0
27,36,0.17439866556418296,0
27,37,0.3900171024708854,3
27,38,0.13795958813721998,0
27,39,0.2833573637159495,2
27,40,0.08367017998398481,0
27,41,1.6807161687172012,1
27,42,0.6393934506047276,2
27,43,0.5319360564567365,1
27,44,0.4962161561013496,0
27,45,1.10423111794967,1
27,46,0.28714875038911986,0
27,47,0.5353359609497133,0
27,48,0.3645044651951303,0
27,49,1.210143677019954,0
27,50,0.4811318619549211,0
27,51,0.6288263217780006,1
27,52,0.5710297040422481,1
27,53,1.350461812702718,0
27,54,0.25244877606923555,0
27,55,0.9551489807208391,0
27,56,0.3211138904979506,0
27,57,1.3330296237428527,0
27,58,0.652175035308099,0
27,59,1.6485595204701131,3
27,60,0.6549329291066586,2
27,61,1.8896793353764054,3
27,62,0.34978475039063794,0
27,63,1.8423942699675355,3
27,64,0.37401635539894756,1
27,65,0.09593895023027763,0
27,66,0.637858653902312,2
27,67,0.3105041427726384,0
27,68,1.5858094408667,1
27,69,0.4603352543106611,0
27,70,0.15785513272057425,0
27,71,0.41899487360682314,0
27,72,0.968066761926451,0
27,73,0.1401590150768077,0
27,74,1.4891003561581764,3
27,75,0.22419931800194037,0
28,29,0.17824375962720723,0
28,30,0.00702448385795091,0
28,31,0.008319043304737367,0
28,32,0.11119532936361032,0
28,33,0.4029741858979725,0
28,34,0.050663539570794815,0
28,35,0.23655735944356177,1
28,36,0.06969554018393119,0
28,37,0.23443886767418504,1
28,39,0.004301207423927628,0
28,41,0.6266206128558941,0
28,42,0.05066473562761874,0
28,43,0.1504181170443599,0
28,44,0.0959155595064614,0
28,45,0.3854184093025105,0
28,46,0.15889659574347204,0
28,47,0.17746356587172288,0
28,48,0.07584674167409058,0
28,49,0.5922625322817129,0
28,50,0.23940600886809607,0
28,51,0.4543617741353228,1
28,52,0.22682063284097462,0
28,53,0.6250213343668053,0
28,55,0.4769314742641098,0
28,56,0.19153250217032924,0
28,57,0.6755960251957392,1
28,58,0.2301290543106227,0
28,59,0.26683979210974956,0
28,60,0.15014654818117806,0
28,61,0.33303472380043764,0
28,62,0.1968440898693334,0
28,63,0.577877448824723,0
28,64,1.0921799782598312,1
28,65,1.1486766453844313,1
28,66,2.4645514128253447,3
28,67,0.5993104336705471,2
28,68,1.5643997902602103,1
28,69,0.4711026503564363,1
28,70,0.6776480892505822,0
28,71,0.5572727935630484,0
28,72,0.6600689618560364,1
28,73,0.3643991076491558,0
28,74,0.3770670655308412,0
28,75,0.14081892560723008,0
29,29,0.17364428675353827,1
29,30,0.014165458549903483,0
29,31,0.03059402241301813,0
29,32,0.042603093899874614,0
29,33,0.17105450367748304,1
29,34,0.037986630384081385,1
29,35,0.18968546848146384,0
29,36,0.06474852432998902,0
29,37,0.19540488077878848,1
29,41,0.44374504857802555,0
29,42,0.13075793589486429,0
29,43,0.21478688755810346,1
29,44,0.27806652971887796,0
29,45,1.0869749390223107,3
29,46,0.3356286015252401,1
29,47,0.3393072543565458,0
29,48,0.21970517417030172,1
29,49,0.9816786127361261,1
29,50,0.41980737356539943,0
29,51,0.8428517816376073,1
29,52,0.5283202638904168,0
29,53,1.3817955607326793,1
29,54,0.14093174548422369,0
29,55,0.9641007657541321,0
29,56,0.23229425330963405,1
29,57,0.9077702296789469,1
29,58,0.3806166001241957,0
29,59,0.4230182341803201,0
29,60,0.8371412892258191,0
29,61,0.5490991296219301,0
29,62,0.2972828626330729,0
29,63,1.3235522546503093,3
29,64,0.5032862794542315,2
29,65,1.4290149145401205,1
29,66,0.8575792532915819,2
29,67,0.0999257840068508,1
29,68,1.469265202110583,1
29,69,0.15827108100447518,0
29,70,0.14686971296241208,0
29,71,0.08030969063474347,1
29,72,0.4015383815310725,0
29,74,0.3353745315529818,0
30,29,0.6708668875183016,0
30,30,0.4855327601248951,1
30,31,0.6809109115919345,0
30,32,0.3079025566375546,0
30,33,0.5846958124876102,0
30,34,0.21679578267340957,0
30,35,0.6763778583842449,2
30,36,0.609363348172147,0
30,37,0.5479051455706153,1
30,38,0.14215506894676103,0
30,39,0.22403739518876095,2
30,40,0.05286655681468257,0
30,41,0.9426687357479735,0
30,42,0.2706990448437197,0
30,43,0.3504525058083324,0
30,44,0.34746043531246035,0
30,45,1.117586390195464,0
30,46,0.3969877519333524,0
30,47,0.40463099633736255,0
30,48,0.391578628902649,0
30,49,0.9196714407317302,1
30,50,0.27964775818067317,0
30,51,0.6218139235878353,0
30,52,0.1821812012431675,1
30,53,1.3975476305955985,1
30,54,0.058449243001371824,0
30,55,0.7450041217665794,0
30,56,0.1987428867455865,2
30,57,1.3906590659396325,0
30,58,0.359723130435452,0
30,59,0.7785098740002382,1
30,60,0.5804013973147546,0
30,61,0.40224496309745456,0
30,62,0.5928086964008356,0
30,63,3.2644727067855532,1
30,64,0.9329515541836969,0
30,65,1.7786945354742785,2
30,66,1.33399480153826,2
30,67,0.35783090227758774,0
30,68,0.6553719596119881,0
30,69,0.10801132474727956,0
30,70,0.4210678979450976,0
30,71,0.1455863473739595,0
30,72,0.7743729060846783,0
30,73,1.6407839815567318,3
30,74,0.4971764542320392,1
31,29,0.38796826994000316,0
31,30,0.03997366071516363,0
31,31,0.018137632478761958,0
31,32,0.040662407176032055,0
31,33,0.07727493947779725,0
31,34,0.06164852857024617,0
31,35,0.033106577583062735,0
31,36,0.11847839232376013,0
31,37,0.9328308069451671,3
31,38,0.12513368653332735,1
31,39,0.18297875006022507,1
31,40,0.1497955616283048,0
31,41,0.9390876171693829,3
31,42,0.2573983465647826,1
31,43,0.15313464647344208,0
31,44,0.039561557714647644,0
31,45,0.2729753500142946,0
31,46,0.14408826655084006,0
31,47,0.02848663722259687,0
31,48,0.10259089928082435,0
31,49,0.7527704173323078,4
31,50,0.2029734694943615,0
31,51,0.4117441279447978,0
31,52,0.0716816148212668,0
31,53,1.285755329755689,2
31,54,0.13725536246253578,0
31,55,0.319458932218865,0
31,56,0.11989900017902223,0
31,57,0.401513135270915,2
31,58,0.14256608932664305,0
31,59,0.18451588954445147,0
31,60,0.7106682754629112,0
31,61,0.055070706530118516,0
31,63,0.2769261394950637,1
31,64,0.1349206319592724,0
31,65,0.3304658489559288,2
31,66,0.11752344597632527,0
31,67,0.028534408782761297,0
31,68,0.16686410174455504,1
31,69,0.27691962368007,0
31,70,0.9132815020076113,0
31,71,0.7284074789113917,1
31,72,1.3788353212604918,0
31,73,1.0453490838451416,0
31,74,0.17484413867061402,0
32,38,0.020463099508242162,0
32,39,0.06995325862439161,0
32,40,0.07539759571639905,0
32,41,0.8635340399080332,1
32,42,0.06618064856538015,0
32,43,0.48704343403455275,0
32,44,0.5709539952322518,0
32,45,1.0747087178780792,1
32,46,0.2906994715117501,2
32,47,0.10235827586588758,0
32,48,0.17225224432617944,1
32,49,0.9948390814282031,0
32,50,0.2140959811444681,0
32,51,0.5385438682756517,2
32,52,0.16993368340717172,1
32,53,1.8447690009841782,2
32,54,0.48207211894223206,1
32,55,0.487047810674696,1
32,56,0.7502967474046189,0
32,57,0.6869324131259235,0
32,58,0.49394694314221627,1
32,59,0.2057635924741188,0
32,60,0.5111624693740441,0
32,61,0.2754566592263041,0
32,62,0.12603392502905592,0
32,63,0.40355153198585136,0
32,64,0.3967972132220503,1
32,65,1.2941174437634633,1
32,66,0.9509603034648318,0
32,67,0.4858369525364696,0
32,68,0.8331930677007895,1
32,69,0.42627697289832733,1
32,70,0.45187928442296865,0
32,71,0.42307756984737666,1
32,72,0.9669212086940272,0
32,73,1.0659568450030512,0
33,39,0.05541478034244965,0
33,40,0.1537503464131504,0
33,41,1.5202041564329056,2
33,42,0.19482617531752172,0
33,43,0.2524397556498666,0
33,44,0.33731073263683364,0
33,45,1.1529973942981868,3
33,46,0.9334224813080524,0
33,47,0.557464937746313,1
33,48,0.3735925100398155,1
33,49,1.1762703162460157,1
33,50,0.21696488483964763,0
33,51,0.9606835858808541,1
33,52,0.17122705806776564,0
33,53,1.6407959312405516,0
33,54,0.49907684237930794,0
33,55,0.9358450127102365,0
33,56,1.8634841688188137,3
33,57,1.1945812760422259,1
33,58,0.8310392586031097,2
33,59,0.2728550326204283,0
33,60,0.5844336100704776,0
33,61,0.7272198791683797,0
33,62,0.22938458986100613,0
33,63,1.5014011527256004,2
33,64,0.49958178646707296,3
33,65,2.491285910704021,1
33,66,2.306574460141808,4
33,67,0.44339183142434535,0
33,68,0.9947057358776803,0
33,69,1.1164839093390098,0
33,70,0.3238005775193276,1
33,71,1.231759754532824,0
33,72,0.7045596422434759,0
33,73,0.19615578903967015,1
34,40,0.024680915325206852,1
34,41,0.34358817147866305,0
34,42,0.011952446106556451,0
34,43,0.03408453074068123,0
34,44,0.06988970814007053,0
34,45,0.6353840076781647,0
34,46,0.010128744852030276,0
34,47,0.05555974233300313,0
34,48,0.6513432366838389,0
34,49,1.2667944884581068,1
34,50,0.1527634828496311,0
34,51,0.5139692358759116,1
34,52,0.25189348513963805,1
34,53,0.6895976442123501,2
34,54,0.05147554874975756,0
34,55,0.22621642744669374,0
34,56,0.7542528909531004,2
34,57,0.5418777815182911,1
34,58,0.05342528712868257,0
34,59,0.05138914165289206,0
34,60,0.2102619911273578,1
34,61,0.09681517317102831,0
34,62,0.04297014895949471,0
34,63,0.18828507955392165,0
34,64,0.1429390295479252,0
34,65,1.0604381394620637,1
34,66,0.4698485851214168,0
34,67,0.08655868631574941,0
34,68,0.28739517052244445,0
34,69,0.2248952345922365,0
34,70,0.28840713781749755,0
34,71,0.5804951956013722,1
34,72,0.859234262296869,0
35,41,1.2803564927209787,1
35,43,0.020394382369637046,0
35,44,0.048703928322244766,0
35,45,1.383903103295898,1
35,48,0.006917588364183056,0
35,49,0.9700242163822383,1
35,50,0.5700116521741662,0
35,51,0.47061616095440595,0
35,52,0.16100551450618245,0
35,53,1.2362787376701134,0
35,54,0.05966862702589851,1
35,55,0.2059996394818061,0
35,56,0.7358979238599473,0
35,57,0.05073577798842364,0
35,58,0.2600094654289801,0
35,59,0.07041874171831927,0
35,60,0.16622322575292567,0
35,61,0.3618631288544859,0
35,62,0.20716655615393778,0
35,63,0.8037142482473938,0
35,64,1.1136559132387842,0
35,65,0.9771870501252884,1
35,66,0.7421513293089487,0
35,67,0.24135439832101332,0
35,68,0.2942586868226354,0
35,69,0.1912398776876485,0
35,70,1.1141509880589011,0
35,71,0.043280742945328105,0
36,41,0.4443471060492781,2
36,44,0.0017917422564138463,0
36,45,0.39756837980672977,1
36,46,0.003069811030185214,0
36,47,0.011461352097102155,0
36,48,0.07129620024113792,0
36,49,1.00837781193383,0
36,50,0.23155803415025483,0
36,51,1.0934532589781845,1
36,52,2.157807608924865,1
36,53,1.499622449194937,3
36,54,0.1861287278973204,1
36,55,0.12520413201445166,0
36,56,0.6756200257095764,0
36,57,0.18849880615030343,0
36,58,0.07826684743321403,0
36,59,0.1926316943101609,0
36,60,0.4096556797073002,0
36,61,0.33316667398395544,0
36,62,0.197682091817959,1
36,63,0.5152752501733071,0
36,64,0.6695412896333424,1
36,65,1.0786932707271526,1
36,66,1.632375174799541,0
36,67,0.3105236089096788,1
36,68,0.608997815143815,0
36,69,0.6697951432519594,0
36,70,0.3619524657020615,0
37,45,0.2927706454300114,1
37,47,0.004225445643707407,0
37,48,0.006287133632101368,0
37,49,1.0007023629031084,2
37,50,0.12944064426100918,1
37,51,0.28063754783258527,0
37,52,0.6226825558654521,0
37,53,0.883446192589744,2
37,54,0.44039208113433237,0
37,55,0.15317830066859323,0
37,56,0.4098983160632107,2
37,57,0.02735353703848874,0
37,58,0.03936287652525389,0
37,59,0.06217722089550741,0
37,60,0.22699415943109497,0
37,61,0.1996750685822208,0
37,62,0.037080975111232116,0
37,63,0.15597104295789968,0
37,64,0.19880609384433529,2
37,65,0.5470249886949736,1
37,66,0.4583497344194849,0
37,67,0.16958018640687672,1
37,68,0.30145700821184057,0
37,69,1.4668693275319,2
37,70,0.060389737973476895,1
38,42,0.03645994374709717,0
38,43,0.01697960499585851,0
38,44,0.05165620297337047,0
38,45,0.6624725509624657,0
38,46,0.05946263490945684,0
38,49,0.674314935891623,0
38,50,0.3834331214201521,0
38,51,0.6207467765627537,0
38,52,1.001531991395311,1
38,53,0.9913267728328826,0
38,54,1.8066892049650984,0
38,55,0.9453260852030527,1
38,56,0.8592010196839085,0
38,57,0.14031255247615496,0
38,58,0.12362726716703129,0
38,59,0.2542523951069612,0
38,60,0.9696923203144796,2
38,61,0.6462536317630041,0
38,62,0.5563889729528677,3
38,63,0.8952156057305013,1
38,64,0.7919050597489128,0
38,65,1.2196931706642877,1
38,66,1.067750412592195,0
38,67,0.8332665465318562,0
38,68,1.2160389388678035,3
38,69,0.02235671734838508,0
39,42,0.12994166548758435,0
39,43,0.5588476846348769,0
39,44,0.6266903793328772,2
39,45,1.115287686375269,0
39,46,0.5034576001661211,0
39,47,0.4316792896466632,0
39,48,0.2673615352846782,0
39,49,0.8758532792199527,0
39,50,0.3773838690182744,0
39,51,0.30283779095947044,1
39,52,0.625704138519556,0
39,53,0.12792954434274967,0
39,54,0.9689539077347444,0
39,55,0.332358211339439,0
39,56,1.3054291537897724,0
39,57,0.24496782588568225,1
39,58,0.15117486624420853,0
39,59,0.4690919864186516,0
39,60,1.1004302562007582,1
39,61,0.523292907998013,1
39,62,0.4267478978451077,1
39,63,1.0200275875785911,0
39,64,0.3161784100526903,1
39,65,0.5402894743284988,0
39,66,0.4466469004202231,1
39,67,0.3591704575679176,0
39,68,2.1470349995049975,2
40,42,0.10615484457850785,0
40,43,0.6405619645960433,1
40,44,0.36943083288171286,0
40,45,1.24479078427711,1
40,46,0.5105617235690918,0
40,47,0.9400379179406468,0
40,48,2.4080389441720103,1
40,49,0.6367361387812777,1
40,50,0.522794588373068,2
40,51,0.24882346769720604,0
40,52,1.17648873304661,0
40,53,0.04695885018820773,0
40,54,0.09780696558183467,0
40,56,0.09133082273197679,0
40,57,0.18655117948135697,0
40,58,0.6079880776220857,0
40,59,0.26496687437138083,0
40,60,0.31281751725914547,0
40,61,0.2425209498432765,1
40,62,0.24823421816617822,0
40,63,0.290912842528736,0
40,64,0.20766509944494163,1
40,65,0.38633956615390935,0
40,66,0.5824176438693253,1
40,67,0.6302792179742193,1
40,68,0.2961921629856778,1
41,42,0.07130598087624253,0
41,43,0.5546022572328217,1
41,44,0.1275897861699767,0
41,45,0.46079920995950835,0
41,46,0.43741986283180967,1
41,47,0.2322774613172336,1
41,48,0.7399752589426902,1
41,49,0.3864842312236516,1
41,50,0.8785802118256745,1
41,51,0.3814054366445101,0
41,52,0.5317019107074662,2
41,53,0.44471291905354104,1
41,54,1.012492331094445,1
41,55,0.45969844811424887,0
41,56,0.2635496769184711,0
41,58,0.018584622753510742,0
41,60,1.0154570629661674,1
41,61,0.713303667284706,0
41,62,0.5069114228132275,2
41,63,0.7385083225275778,2
41,64,0.906886515772134,0
41,65,0.8084461013109591,0
41,66,0.5177676515241273,0
41,67,0.3595679194167875,1
42,42,0.14110792636507213,0
42,43,0.6296382159028389,1
42,44,0.41266472582684416,0
42,45,1.6432480384051773,3
42,46,1.0804984192643712,3
42,47,0.6247894399581068,3
42,48,0.6934100073254783,1
42,49,0.6566889034989059,0
42,50,1.0121113235554193,2
42,51,0.4873333607401848,0
42,52,1.0012614141806044,3
42,53,0.5119214352997287,1
42,54,1.9029241999964182,1
42,55,0.38123115507105537,0
42,56,1.1935821473592003,1
42,57,0.46976639225289946,0
42,58,0.2998960095599265,0
42,59,0.22234626491619763,0
42,60,0.7788311274854547,0
42,61,0.49345539186306425,0
42,62,1.466566692475116,2
42,63,2.6442909488714426,1
42,64,1.1119429612920382,1
42,65,1.6079835251148489,0
42,66,0.6195757520104986,0
42,67,0.5947403840732142,0
43,42,0.13599730063511928,0
43,43,0.7253198873016489,0
43,44,0.6311367226025327,2
43,45,0.46659937699033655,1
43,46,0.7199600577913696,2
43,47,0.894927153665812,0
43,48,1.3171486319499937,3
43,49,0.5691397379881487,0
43,50,0.2897884930887323,0
43,51,0.1995200706375278,0
43,52,0.8938926350091548,0
43,53,0.23618257944151066,0
43,54,0.7367025505108743,1
43,55,0.45360069131823955,0
43,56,1.826142205232614,1
43,57,1.4727466478415319,0
43,58,1.2852207999360559,0
43,59,0.43804039462966143,0
43,60,0.9566533102316498,0
43,61,1.5416767409614827,1
43,62,0.8493518356422656,1
43,63,0.5513967207911303,0
43,64,1.1595049520779146,1
43,65,0.5489584088653978,1
43,66,1.6738850382016996,0
44,42,0.062011946730262266,0
44,43,0.6196497273722715,0
44,44,1.3175627814064899,1
44,45,0.6517970779647406,1
44,46,0.8113470859556011,1
44,47,0.9287450080767414,0
44,48,1.225279969566463,2
44,49,0.4287062545413122,0
44,50,0.491731477199479,0
44,51,0.4210257645657045,0
44,52,0.915286047640334,2
44,53,0.009216519121922454,0
44,54,0.7691100446238084,0
44,55,0.22556752379685038,0
44,56,0.9548253246904652,0
44,57,0.21853281075663009,0
44,58,0.4925217661416395,0
44,59,0.15597351024194378,0
44,60,0.5223918797420061,0
44,61,0.1737852917733215,1
44,62,0.7402762946364605,0
44,63,0.04551706036267066,0
44,64,0.7936886209380247,0
44,65,0.6448073220536686,1
44,66,1.3746744989157906,2
44,67,0.11160449480466718,0
44,68,0.11604200666994871,0
45,35,0.5819999306768321,1
45,36,1.0951782068093567,0
45,37,1.0942298274917839,1
45,38,0.020246051219640182,0
45,39,0.507310210977781,0
45,40,0.6371511635932485,1
45,41,2.1770664467131944,3
45,42,1.7669849886599671,3
45,43,0.6402093300959721,2
45,44,1.6395953595966717,1
45,45,3.298639672826307,0
45,46,1.9585163595859507,1
45,47,1.22839452333211,1
45,48,0.6858065888672709,0
45,49,0.9283312104065068,1
45,50,1.6982942623773232,1
45,51,0.2837295877422346,0
45,52,1.813281854109697,0
45,53,0.7183098374343707,2
45,54,0.7435423912408954,0
45,55,0.5881369789186046,1
45,56,1.870256715913393,1
45,57,0.8449869766466831,0
45,58,1.3605892254180874,1
45,59,1.1791405888629582,1
45,60,1.5616349332225137,2
45,61,3.437435301635434,4
45,62,2.223850510068616,3
45,63,1.6127152450352344,0
45,64,2.146120915704127,2
45,65,3.6720241444599995,1
45,66,1.7817616191821768,1
45,67,0.14965206537804637,0
45,68,0.03884525603208247,0
46,35,0.5971008720181997,1
46,37,1.0355809743022166,0
46,38,0.2162438397666133,0
46,39,1.4564848604608458,2
46,40,2.292800098801397,6
46,41,2.3034125369963196,2
46,42,1.791133808761077,3
46,43,0.6701273206642638,0
46,44,1.527866358590145,4
46,45,2.2611938176823583,1
46,46,2.158329815744628,1
46,47,1.401694098179256,0
46,48,1.4215697692891207,0
46,49,0.834723454511941,1
46,50,1.1667400513208337,1
46,51,0.3622388410018242,0
46,52,1.0792829828645885,0
46,53,0.1853278250687758,0
46,54,2.2032577081151716,2
46,55,0.8110251539847327,0
46,56,0.9166707148822164,1
46,57,0.3595757738849921,0
46,58,0.3868287245812182,0
46,59,0.24254692958566393,0
46,60,0.17389728578775554,1
46,61,0.5535452167936848,0
46,62,0.2829330627329507,0
46,63,1.125600532214057,0
46,64,2.030673746941725,0
46,65,1.0636246706060124,0
46,66,1.3283751654498048,2
47,35,0.7321430039275985,0
47,36,0.16818046033894726,0
47,37,1.2389333570295786,0
47,38,0.8873842156179391,2
47,39,0.5919818093753305,0
47,40,1.6071847106131731,3
47,41,0.8593660878405076,0
47,42,1.3991244127863456,2
47,43,0.6330108832437259,1
47,44,1.52948994371488,1
47,45,1.1599893134711645,1
47,46,0.5434492494371171,1
47,47,0.6272044309647894,0
47,48,1.0228135964928071,0
47,49,0.8531884432453066,0
47,50,0.849739610536154,2
47,51,0.32384431636470734,0
47,52,1.9049348482525117,2
47,53,1.321337547320562,0
47,54,1.4863521180425519,2
47,55,1.332724908333969,1
47,56,2.748311562057184,2
47,57,0.607896985021455,0
47,58,0.6686804576916536,0
47,59,0.8514318440968496,1
47,60,1.6254713524192834,2
47,61,1.7638994437401876,0
47,62,2.3429036479817427,2
47,63,2.374135790457619,1
47,64,4.794591731549842,3
47,65,2.227109218048881,3
47,66,1.8423211531545076,0
48,35,0.864222836958077,1
48,36,1.7188410191123935,2
48,37,1.693097463293692,2
48,38,1.8485714118190733,1
48,39,1.527579847568681,1
48,40,2.3935086988072385,5
48,41,1.7229983029022644,0
48,42,1.710030877749285,1
48,43,0.9382213622396571,0
48,44,1.9379439326029675,2
48,45,1.989868959104256,1
48,46,1.3142403904281343,0
48,47,1.2660993384143644,2
48,48,1.0727292105444597,3
48,49,1.1260510952560816,0
48,50,1.0433475542015145,0
48,51,0.4258001541228809,2
48,52,1.796638440527285,3
48,53,1.248225921799792,1
48,54,1.2629227485904007,1
48,55,0.5689023358905597,2
48,56,2.3424688361683015,2
48,57,0.6792807346301664,0
48,58,0.9426176646174341,1
48,59,1.8142827938844361,3
48,60,3.283882752213369,2
48,61,2.4785275401976024,0
48,62,3.696150696584961,1
48,63,3.1562475197578896,2
48,64,3.7996349723213014,4
48,65,2.680009911723024,4
48,66,1.7331648631923737,0
48,67,0.2531509679789648,0
49,35,0.8417304029660565,0
49,36,1.430867631856937,1
49,37,1.0798621564784805,0
49,38,1.2885947477576365,2
49,39,0.7542809180285566,2
49,40,1.6901140841890716,1
49,41,1.6285701527423064,1
49,42,1.5080545912391736,2
49,43,0.6113626579103285,1
49,44,1.4843295317992753,2
49,45,0.8172466235443177,4
49,46,0.38944242897869774,1
49,47,0.4798447766834674,0
49,48,0.4732505852663634,0
49,49,0.83150346301063,0
49,50,0.21354869168010443,0
49,51,0.05759137746302935,0
49,52,0.8666751157948139,0
49,53,0.32110701874100983,0
49,54,0.7163057684728549,1
49,55,0.3725823047089235,0
49,56,0.8195380614836627,3
49,57,0.9638257447117342,0
49,58,0.5207491429621891,0
49,59,0.9578027184336976,0
49,60,1.892846058675609,2
49,61,1.7318350534493854,1
49,62,1.5921803452642902,1
49,63,3.7883058986923914,1
49,64,3.301524371350405,3
49,65,6.3512689720671265,3
49,66,1.41429278522612,1
49,67,0.7075586953526218,0
50,35,0.9267468026879908,1
50,36,1.4465348535756704,0
50,37,0.3917510441906886,0
50,38,1.324219148096472,2
50,39,0.4709421902337296,0
50,40,1.999108612613694,3
50,41,0.36485589279334657,0
50,42,0.05795099246748048,0
50,43,0.028435917769283836,0
50,44,0.4769833850903223,1
50,45,1.0146580564304102,0
50,46,0.5096030886238786,1
50,47,0.5448321303487825,0
50,48,0.5281152945987121,2
50,49,0.4918447021366306,1
50,50,0.0234757419493037,0
50,51,0.1545846049760596,0
50,52,0.527650864552378,1
50,53,0.3663741101570065,0
50,54,0.38876234364031786,1
50,55,0.2880348356420809,0
50,56,0.6994337604264377,0
50,57,0.3113051743018822,0
50,58,0.9736512103438371,1
50,59,0.4465826684179332,1
50,60,1.9462437187581825,6
50,61,0.5000266678579014,0
50,62,3.78470597890338,2
50,63,5.112235405016421,3
50,64,2.8974695918971483,5
50,65,3.0118849283677207,4
50,66,1.0068411681339529,1
50,67,1.7904735675578567,1
50,68,0.04000527067882287,0
50,69,0.012833687446610861,0
51,34,0.3602490860949795,0
51,35,0.11650385252335341,0
51,36,1.1394884815971322,5
51,37,0.26910460493043264,2
51,38,1.1178291373241416,0
51,39,0.8822000653038532,2
51,40,2.1327207582338787,4
51,41,0.38561318585438253,0
51,42,1.038108988059966,1
51,43,0.5158045515920492,1
51,44,2.2347106691263217,2
51,45,1.2491721561625142,1
51,46,1.2438045008986032,1
51,47,1.394368026744009,1
51,48,2.2708864831983955,1
51,49,1.2004947266649502,5
51,50,0.7278359162803983,1
51,51,0.3507859491399403,0
51,52,1.3237768185215566,3
51,53,0.5323892148671007,0
51,54,1.8872874077202062,0
51,55,0.6521801346763704,0
51,56,1.9307124274932836,0
51,57,0.6581601930065085,0
51,58,1.2674515137304039,0
51,59,0.8919703647522685,1
51,60,0.8389154131514752,0
51,61,0.7078159662601238,0
51,62,0.9022435608161942,1
51,63,1.3827342532694584,4
51,64,2.3335127007528644,3
51,65,2.253004935422415,1
51,66,3.673575900441923,1
52,34,0.27863221027027485,1
52,35,0.3975791596243759,0
52,36,1.3044877538439497,2
52,37,0.5561199840323455,0
52,38,0.8974627338639446,1
52,39,0.782583682282527,3
52,40,1.4379758807500274,1
52,41,0.24493016323928973,2
52,42,0.8691470545953517,1
52,43,0.7370818503057914,0
52,44,1.1963007364784297,3
52,45,1.5407580327373331,1
52,46,1.1957836840430613,1
52,47,1.0734258676090638,0
52,48,0.4896382436316834,0
52,49,0.33128033332402546,1
52,50,1.0843791131166225,1
52,51,0.5003971762006352,1
52,52,0.7775043273496618,2
52,53,0.4567152898021777,0
52,54,1.3622804200654286,0
52,55,0.7182114276411179,0
52,56,2.18164530861867,1
52,57,1.9077113315150318,2
52,58,1.136728838300841,0
52,59,0.36860700300427635,0
52,60,0.6499849606645114,0
52,61,0.9399937273908008,0
52,62,1.137750976369376,1
52,63,1.6892759654636913,4
52,64,1.7543213378362676,1
52,65,1.8472990876567708,1
52,66,1.478056363597671,1
53,28,0.2190433147987717,1
53,29,0.46561452385111374,1
53,30,0.16966224888644968,0
53,31,0.3693074397955351,0
53,32,0.22537642095134244,0
53,33,0.2753612802357543,1
53,34,0.8173547596991663,1
53,35,0.5619653448942575,0
53,36,1.2067195087836977,1
53,37,0.7617734299184901,0
53,38,1.414582085251197,3
53,39,0.4743554384424113,0
53,40,2.442847157969629,0
53,41,0.4730418951644361,1
53,42,1.4275052304171676,4
53,43,1.5081352986787016,1
53,44,2.1391450001340444,2
53,45,0.4874123055951664,0
53,46,0.367884897166857,0
53,47,0.6728613677457321,1
53,48,0.566934304283145,1
53,49,0.2160493251079678,0
53,50,0.18523449494048738,0
53,51,0.16293073338748257,0
53,52,0.6921603599399432,0
53,53,0.276855800878214,1
53,54,1.3823768197401831,0
53,55,1.1274666424906967,1
53,56,0.8232143823656888,1
53,57,0.12391248634680876,1
53,58,0.21424707330939416,0
53,59,0.513609568482733,1
53,60,0.5116905813955391,1
53,61,0.2083494107665931,0
53,62,0.46112322946489065,0
53,63,0.7999474690226098,1
53,64,0.9945416384806837,0
53,65,0.06070579918812555,0
54,28,1.1238883574130687,0
54,29,0.01074193065394022,1
54,30,0.07828330561224335,0
54,31,0.12330843950292295,0
54,32,0.29830654823879604,0
54,33,0.07415518562511021,0
54,34,0.522347351357665,1
54,35,0.10241530907222883,0
54,36,0.8574618360945183,0
54,37,0.08090758442194088,0
54,38,0.31054069170758014,1
54,39,0.03737205638698948,0
54,40,1.152063256927543,2
54,41,0.11959619264844927,0
54,42,0.5134114570524377,1
54,43,0.09615244437947028,0
54,44,0.978679663336103,2
54,45,0.30111871765947995,0
54,46,0.4546521233890786,3
54,47,0.45888377778841827,1
54,48,0.7688778958670807,1
54,49,0.6038933373828761,1
54,50,0.6533429418547926,0
54,51,0.4898288289793719,0
54,52,1.143247281612303,2
54,53,0.7275633773390329,0
54,54,1.203593330078648,1
54,55,0.6132362261136471,0
54,56,1.3507948026054009,0
54,57,1.0753954341671483,1
54,58,0.539831429797613,0
54,59,0.9279859877321881,0
54,60,0.693735639349411,1
54,61,0.25875308826353755,0
54,62,0.6450580579139256,0
54,63,1.843601006283786,2
54,64,1.9858695873575716,3
55,28,0.5104802021675872,0
55,29,0.044549915978188415,0
55,30,0.08543616203245973,0
55,31,0.062050591712773016,0
55,32,0.2396562208543366,0
55,33,0.03372303428213437,0
55,34,0.24072270335689136,1
55,35,0.09837205667382645,0
55,36,1.0188743275513275,0
55,37,0.08795339631794828,0
55,38,0.6811911856331131,2
55,39,0.6572476534104206,2
55,40,1.3518034116892923,0
55,41,0.3890308309992923,1
55,42,0.5944133243980202,3
55,43,0.6059389300645593,0
55,44,1.6578450289348377,1
55,45,0.43518193195519805,0
55,46,0.7065339121856226,0
55,47,0.8679737754237893,1
55,48,0.7674237299268296,1
55,49,0.3062669855096165,0
55,50,0.5633361197821476,2
55,51,0.3771023824124804,1
55,52,1.6415623723471213,3
55,53,0.40126675110086923,0
55,54,1.1005954819912471,0
55,55,0.4224599045027035,0
55,56,1.719005209350911,4
55,57,0.061454113994071205,0
55,58,0.6437984620816478,1
55,59,0.5688470093004083,0
55,60,0.7880806711102121,0
55,61,0.32841609980129755,0
55,62,0.5949365000714445,1
55,63,0.19444919646308495,0
55,64,0.21468330660329388,0
56,28,0.9103653076498822,0
56,29,0.5627449928212399,0
56,30,0.7779467434145766,1
56,31,0.4974304621159024,0
56,32,0.5092232438763806,0
56,33,0.2564341406886795,0
56,34,1.348384127005299,0
56,35,0.5813615419920429,3
56,36,1.7379726345363498,2
56,37,0.5290837457365047,0
56,38,0.900310961574761,0
56,39,0.5623801768241741,0
56,40,2.1455946158511416,0
56,41,0.5078669503261564,0
56,42,1.2498905884836802,1
56,43,0.5800887945744826,1
56,44,0.9748716710243033,3
56,45,0.6439789595416193,1
56,46,0.554202383526694,0
56,47,0.7548579923803684,1
56,48,0.5804507526568942,0
56,49,0.6596012535405679,0
56,50,1.7513041088127643,3
56,51,0.44192695557368994,0
56,52,0.9378149804985145,1
56,53,0.5977242573714922,0
56,54,0.6750861720144424,0
56,55,0.7849160938115878,0
56,56,0.7350630538782323,0
56,57,0.45445651797925196,0
56,58,0.1682098502173021,0
56,59,0.5358847711286513,0
56,60,0.7664933229181131,1
56,61,0.39717155934348963,0
56,62,0.6816857836968196,0
56,63,0.31164699956827635,1
56,64,0.07113460692752956,0
57,28,0.20762958462099765,0
57,29,0.029333202613880505,0
57,30,0.11081069480874438,0
57,31,0.08020469780171317,0
57,32,0.3268723578554291,0
57,33,0.12422492976079516,0
57,34,0.6429153343468103,2
57,35,0.04708794186173323,0
57,36,0.6946511432710857,0
57,37,0.4953925869196975,0
57,38,0.487804078603066,0
57,39,0.18209319388370757,0
57,40,0.8859176474829007,0
57,41,0.11395641273497109,0
57,42,0.3065970211497881,0
57,43,0.07801921264313391,1
57,44,0.8214099566114106,1
57,45,0.11361653145686516,0
57,46,0.33842572305004043,1
57,47,0.6191034305885789,0
57,48,0.8364001991421247,1
57,49,0.7878680539096958,0
57,50,0.47416338173598394,0
57,51,0.298599678549032,0
57,52,1.020426000594641,2
57,53,0.6554346541024003,1
57,54,1.2146407898034137,0
57,55,0.4038236526817492,1
57,56,0.9859143646969097,0
57,57,0.719617085253163,1
57,58,0.33607627999262246,0
57,59,0.7097531421299617,0
57,60,1.1687769683097218,1
57,61,0.9111962040515259,1
57,62,0.3887557169321111,3
57,63,0.9241218500854219,0
58,26,0.0027007198287358615,0
58,28,0.5123255221135374,0
58,29,0.27811542512715415,0
58,30,0.5918830054760719,0
58,31,0.2967452977806905,0
58,32,1.0755570047427656,0
58,33,0.3385972381713843,1
58,34,1.0130661405339796,1
58,35,0.2603287351386711,0
58,36,1.1978775572886189,3
58,37,0.1785203994466002,0
58,38,0.927074941175511,0
58,39,0.4294450053547676,1
58,40,1.2444490553981646,4
58,41,0.5970914994310913,2
58,42,0.36696142525692516,0
58,43,0.1546824287207117,0
58,44,1.334421274353259,0
58,45,0.290779715672695,0
58,46,0.5662621548473917,1
58,47,0.7793222602679238,0
58,48,0.6537324096346994,0
58,49,0.6291228767896987,0
58,50,1.2476383147796624,0
58,51,0.3843916753091538,0
58,52,1.17910740084767,1
58,53,0.4229883915662457,0
58,54,2.720718699538165,1
58,55,0.24278943645577483,0
58,56,0.8629844446803583,2
58,57,0.4696147382422518,0
58,58,0.7270459551958743,1
58,59,0.45663838659743283,0
58,60,1.0697141521381486,0
58,61,0.9685274587762948,1
58,62,0.4168780289551553,0
58,63,0.22320477318247064,0
59,20,0.019621457479497898,0
59,21,0.12387508352814366,0
59,22,0.6908979434746241,1
59,23,0.19420623487569708,1
59,24,0.1438810649199471,1
59,25,0.0991730795356553,0
59,26,0.7677345700808088,1
59,27,0.4337642688227299,1
59,28,0.8523824153780358,0
59,29,0.2862598582155348,0
59,30,0.5126158159845612,2
59,31,0.16149159075057787,0
59,32,0.7427810594079549,0
59,33,0.2854356229936513,0
59,34,0.7531113191837122,3
59,35,0.33366804910690856,0
59,36,1.3840598598649452,1
59,37,0.377447641947329,0
59,38,1.0081296204579953,0
59,39,0.4513585668212693,1
59,40,1.7721797442747413,1
59,41,0.27915995298120005,1
59,42,0.6170727147456606,0
59,43,0.41669176378031114,0
59,44,1.2011873479357353,3
59,45,0.7880002161075574,1
59,46,0.9396490902723398,2
59,47,1.0112892087793375,1
59,48,0.8851330715412986,1
59,49,0.5706546264547885,0
59,50,0.9783279146248215,1
59,51,0.299341832805056,0
59,52,0.6440609549648199,2
59,53,0.3691815111629308,1
59,54,0.4390591024897408,0
59,55,0.3582037552864278,1
59,56,0.8522082043700547,0
59,57,0.4419533316337631,1
59,58,0.5974472485414267,1
59,59,0.8408188859120032,0
59,60,1.0124445752151137,0
59,61,1.1342465842483063,1
59,62,0.6945631031796413,1
59,63,0.14873958263458145,1
60,22,0.7320498916868939,1
60,23,0.1471183402960751,0
60,24,0.2523588508354189,0
60,25,0.06863347518301632,0
60,26,0.03429742700095376,0
60,27,0.018907246184952396,0
60,28,0.5630756019871608,1
60,29,0.02834610448788316,0
60,30,0.17796486781780144,0
60,31,0.10330433553767346,0
60,32,0.4791419357912273,0
60,33,0.07240274069304224,0
60,34,0.44934701459736787,0
60,35,0.0689862581434264,0
60,36,0.4474313185101876,0
60,37,0.10792508935940631,0
60,38,0.4232083295511701,1
60,39,0.06165264396506681,0
60,40,0.9920204632367176,3
60,41,0.08228247452772125,0
60,42,0.07545430843368851,0
60,43,0.16676812055429574,1
60,44,0.8543691023093863,0
60,45,0.07437972348307852,0
60,46,0.0997782804459835,0
60,47,0.4947078406407656,0
60,48,0.4031564909025878,0
60,49,0.2543362354542185,1
60,50,0.15493154728151864,0
60,51,0.04222300397731259,1
60,52,0.4267106648653808,1
60,53,0.24666611298319957,0
60,54,0.4142634594081063,0
60,55,0.4320259995635795,1
60,56,0.3641402289150065,0
60,57,0.45447779592959325,0
60,58,0.3821497796689536,0
60,59,0.8058358821425639,3
60,60,1.1311891167853965,1
60,61,1.1994291324344732,2
60,62,1.4969810055132242,2
61,22,0.40341975156071996,1
61,23,0.05391299132949525,0
61,24,0.09410918986471208,0
61,25,0.38449012673857885,0
61,26,0.23995797718203862,0
61,27,0.19990878320427707,0
61,28,0.6718835142156047,0
61,29,0.1466001139085808,0
61,30,0.31972482377173156,0
61,31,0.031159541131836766,0
61,32,0.4235291992614971,0
61,33,0.29060021119038676,0
61,34,1.08760072298698,0
61,35,0.6476655177276506,1
61,36,0.6718738064255982,1
61,37,0.34512599797217297,1
61,38,0.7654045312678021,1
61,39,0.401979294843822,0
61,40,1.0966842003939823,0
61,41,0.2621871834157522,0
61,42,0.5169022270511827,0
61,43,0.295505833748008,0
61,44,0.5079333584572564,1
61,45,0.3345356505763402,1
61,46,0.9515935648218145,0
61,47,1.7588904052378147,1
61,48,1.2637674406157435,0
61,49,0.631735209649955,0
61,50,0.2951135940117217,0
61,51,0.15412641934662877,0
61,52,1.1111030191176607,0
61,53,0.4149002043554803,0
61,54,0.7516748342278017,0
61,55,0.6600531796407737,0
61,56,0.706637242124177,1
61,57,0.6345995362295127,1
61,58,2.1617114092268537,1
61,59,0.7245820561510452,0
61,60,0.8995650765611279,2
61,61,0.6413925328509953,2
61,62,0.005836697475291312,0
62,7,0.2578947483851154,0
62,9,0.12054642658748133,0
62,10,0.8459429062654356,0
62,11,0.23787630701763063,0
62,20,0.042049073524826404,0
62,21,0.0967855562255683,0
62,22,0.880359771275596,2
62,23,0.24685883254226543,0
62,24,0.12057051474730612,0
62,25,0.12179994682137432,0
62,26,0.15316274112077094,0
62,27,0.41853231166021254,2
62,28,0.45535409285908124,0
62,29,0.14524005536904086,0
62,30,0.48636558665388724,0
62,31,0.11023841566954548,0
62,32,1.0727465905751918,0
62,33,0.5822441026481184,0
62,34,0.9096018486957613,0
62,35,0.42193027306949227,0
62,36,1.072388242661361,0
62,37,0.3265005698068735,0
62,38,0.48165804674844737,1
62,39,0.47058513585327166,0
62,40,1.3387579136804844,2
62,41,0.3242201661475234,0
62,42,0.35997718713807614,0
62,43,1.08844227050666,1
62,44,1.611468831384845,2
62,45,0.2991020983899969,0
62,46,1.0620589437046914,2
62,47,0.7785413575601253,1
62,48,1.3111631555176455,1
62,49,0.4723781247121716,0
62,50,0.6485431496152534,0
62,51,0.2404364480295492,0
62,52,0.6437837709744946,1
62,53,0.2456419873146886,0
62,54,1.596616840128667,1
62,55,0.5224256645410591,0
62,56,1.2308725198489237,0
62,57,0.856430598702645,0
62,58,0.5233341751484926,0
62,59,0.9521803809663762,0
62,60,1.2864787823935686,2
62,61,0.7292894861445516,4
63,7,0.011895041070238779,0
63,11,0.9209655126431951,0
63,12,0.817642424822187,1
63,13,0.2272059774540417,0
63,21,0.05192127098919892,0
63,22,0.4333690754625735,0
63,29,0.036753926618193045,0
63,30,0.2310942013680333,0
63,31,0.06142362091353755,2
63,32,1.0924188729572195,0
63,33,0.049019041715399864,0
63,34,0.2934324678587084,0
63,35,0.11497844940807798,0
63,36,0.300618526282969,0
63,37,0.07226099413074304,0
63,38,0.35743152357042285,1
63,39,0.6415553258705939,0
63,40,0.606540537802527,1
63,41,0.03773041929324733,0
63,42,0.06585287689944964,0
63,43,0.3494537152317447,0
63,44,0.9972561639942048,0
63,45,0.2717595811194254,0
63,46,0.12133132844405611,0
63,47,0.5199693692655524,0
63,48,0.500124599315172,0
63,49,0.1453252087472326,0
63,50,0.09449027712911844,0
63,51,0.12349004085081149,0
63,52,0.25115245604340963,0
63,53,0.14998711299924944,0
63,54,0.48123769031545427,0
63,55,0.3841943071277363,0
63,56,0.5770794882290287,0
63,57,0.2089393238114651,1
63,58,0.044378265656534424,0
63,59,0.598559816032169,1
63,60,0.5034306213348604,4
63,61,0.09107375257719139,0
63,62,0.01584938113994058,1
64,13,0.028429381288217457,0
64,20,0.03505399509642389,0
64,21,0.05755286279108307,0
64,22,0.18404979641829855,1
64,31,0.029068116535813537,0
64,32,0.37041451350434174,1
64,33,0.2879281186850503,0
64,34,0.33625948401621675,0
64,35,0.15345824303411915,1
64,36,0.6860631142084778,0
64,37,0.4230597812370344,0
64,38,0.5353724315393398,1
64,39,0.4869513868935888,0
64,40,1.809993770098112,1
64,41,0.2690162836237485,0
64,42,0.42350176938099593,0
64,43,0.4371776987899842,0
64,44,1.0959446341166745,1
64,45,0.5697038914918565,0
64,46,0.3249671155872434,0
64,47,0.5986332838137315,1
64,48,0.7410770606442985,0
64,49,0.20653541113297139,0
64,50,0.20067171595579,0
64,51,0.401124794447138,1
64,52,0.8758500101631874,1
64,53,0.39423986203788297,0
64,54,0.42095139481598204,0
64,55,0.48492761132833684,0
64,56,0.9351974250456857,0
64,57,0.27243514699760396,0
64,58,0.8176022291336482,0
64,59,0.9372350637631955,0
64,60,0.8572419229556024,1
64,61,0.11154954694919048,0
64,62,0.147453947640578,0
64,63,0.008490918380111704,0
65,20,0.4247035889548268,0
65,21,0.009864493810823766,0
65,22,0.22182632051916432,1
65,28,0.10550225922711742,0
65,29,0.03781376765991427,0
65,32,0.13641442355704206,0
65,33,0.09976608283087045,0
65,34,0.5139812723090835,0
65,35,0.10723213429909578,0
65,36,0.5282208140087059,0
65,37,1.0426800578420843,0
65,38,0.4391092855250242,0
65,39,0.5214810467592076,1
65,40,0.8757645771426481,0
65,41,0.511040223285269,1
65,42,0.8897340874000271,1
65,43,0.48174144468352736,0
65,44,1.0236850614830777,0
65,45,0.9015407583490448,0
65,46,0.3083062780688207,0
65,47,0.49111719282748983,1
65,48,1.1917444394582721,0
65,49,0.1815603178679069,0
65,50,0.38186575122860267,0
65,51,0.1882216583980175,0
65,52,1.134030024373328,2
65,53,0.2394682124946629,0
65,54,0.6410287186061027,0
65,55,0.6656980560932494,1
65,56,1.2085479987362944,2
65,57,0.6420657375053043,0
65,58,1.4312575911240106,1
65,59,1.445292039284144,0
65,60,0.665121475870159,1
65,61,0.12063997708873617,0
66,14,0.09657694794820748,0
66,17,0.036761910649335636,0
66,20,0.16817182791765042,1
66,21,0.08432315006515384,0
66,22,0.1077465614429525,0
66,24,0.0027044746785114607,0
66,25,0.08588050784505656,0
66,26,0.07779032515073678,0
66,27,0.0961975507369839,0
66,28,0.13744577050556336,1
66,29,0.0038438379274008724,0
66,30,0.0256884138792325,0
66,31,0.03407363824582758,0
66,32,0.14275485157307474,0
66,33,0.11807024068363482,0
66,34,0.3472786880041493,1
66,35,0.2102925383962559,0
66,36,0.8426411161616112,1
66,37,0.5016177223714727,0
66,38,0.14281182035093012,0
66,39,0.0693370062736699,0
66,40,0.4415580013093033,0
66,41,0.15006287070845195,0
66,42,0.04034690255079778,0
66,43,0.048527136505599144,0
66,44,0.24517093714199412,2
66,45,0.1314483239656695,0
66,46,0.20446832635282305,0
66,47,0.34388256321697525,0
66,48,0.30165588684967515,2
66,49,0.044070573895973894,0
66,50,0.13533572792904935,0
66,51,0.20910194872561047,0
66,52,0.34507194409865144,0
66,53,0.05183712371838058,0
66,54,0.25796621002184106,0
66,55,0.12185242369477507,0
66,56,0.46444983442997645,1
66,57,0.1320759762871443,0
66,58,0.6066575498966851,0
66,59,0.1956266348285398,1
66,60,0.19353633945833587,0
67,8,0.8742974986685633,1
67,14,0.1216909821870037,0
67,20,0.4292062747354723,0
67,21,0.14258172648722134,0
67,22,0.5069709257937848,0
67,23,0.009109938963977427,0
67,25,0.06694418482027496,0
67,26,0.019371779195164276,0
67,27,0.03207164442212537,0
67,28,0.8213184337340289,0
67,29,0.08771822116633682,1
67,30,0.33098611565307084,0
67,31,0.3344273598682626,0
67,32,0.6166762738129443,1
67,33,0.023014381999226233,0
67,34,0.11353207951866909,0
67,35,0.1153584037457181,0
67,36,1.0466684923320622,1
67,37,0.21340616819880504,0
67,38,0.5487826758098305,2
67,39,0.2529378969478221,0
67,40,0.9925507168569175,1
67,41,0.0906536918564533,0
67,42,0.0654196756629098,0
67,43,0.1862397406851081,0
67,44,0.6319352148025299,1
67,45,0.08336374254588845,0
67,46,0.1731019959677587,1
67,47,0.5028750996247913,0
67,48,0.5395958404865495,0
67,49,0.1597137610959093,1
67,50,0.34428171006964386,0
67,51,0.546882427315931,0
67,52,1.1682689592072555,1
67,53,0.4100266644782443,0
67,54,0.50654362676375,0
67,55,0.6223287338405099,0
67,56,1.5061663618655265,5
67,57,0.6557777708054937,1
67,58,0.8336293785159142,1
67,59,0.8113135219476939,0
67,60,0.11257472967830201,1
68,14,0.41912002980688745,0
68,20,0.10960267283797394,0
68,21,0.06375837169366759,0
68,22,1.2554226807181699,0
68,24,0.03250506174606207,0
68,25,0.44966853999673084,0
68,26,0.13538680822612395,0
68,27,0.015055857389211905,0
68,28,0.6372083181435255,1
68,29,0.12038467375154939,0
68,30,0.05193771787616852,0
68,31,0.2771935460062185,0
68,32,0.8716410042266265,1
68,33,0.7871949286726335,0
68,34,0.1909454264379077,0
68,35,0.362587428876393,0
68,36,0.5038628765630162,1
68,37,0.30303567642843204,0
68,39,0.013753472875112013,0
68,40,0.12562459826015315,0
68,41,0.008817585451406224,0
68,42,0.0027650809069820485,0
68,43,0.009332234416171762,0
68,44,0.21744651285622227,0
68,45,0.04576710177287016,0
68,46,0.18083354243013028,0
68,47,0.6760375279001584,0
68,48,0.2839927066046897,1
68,49,0.071828651374951,0
68,50,0.35191591004883205,0
68,51,0.4969403769539044,0
68,52,0.3693972090584874,1
68,54,0.01567724723664374,0
68,55,0.09576585653592809,0
68,56,0.5355766031479336,1
68,57,0.7895545391446513,0
68,58,1.0590064476426513,0
68,59,0.3841339936214936,2
69,2,0.01470303848018283,0
69,14,0.05308033651764428,0
69,20,0.23288217458912708,0
69,21,0.02438595309767535,0
69,22,0.971810068386629,0
69,23,0.05317290642106917,0
69,24,0.012407461625743806,0
69,25,0.03976663841250981,0
69,26,0.03439930692951733,0
69,27,0.061875847093417084,0
69,28,0.7814329454020333,0
69,29,0.011556671046511369,0
69,30,0.04024319837049562,0
69,31,0.12530706920007395,0
69,32,0.439615680865483,0
69,33,0.07309124966044371,0
69,34,0.26230892969564473,1
69,35,0.12814863309265911,0
69,36,0.3586743898270957,1
69,37,0.01397206516825337,0
69,39,0.0060667667741157935,0
69,40,0.48113157779777854,0
69,41,0.058436711821967025,0
69,42,0.09847480031589992,0
69,43,0.04913081418937454,0
69,44,0.21736685493832483,0
69,46,0.0363729771842245,0
69,47,0.2451196187940281,0
69,48,0.09536353857050346,0
69,49,0.3797843505125019,1
69,50,0.40602599505049847,1
69,51,0.2877735874144336,1
69,52,0.2055449283314698,0
69,55,0.480945743157938,0
69,56,1.0911550563988701,1
69,57,1.6542944162763151,0
69,58,1.9812643830724335,2
69,59,0.27568304409138816,0
70,12,0.03966716966671374,0
70,13,1.1993546404073874,1
70,25,0.04135308618502517,0
70,26,0.048951911287838594,0
70,27,0.02548941358040819,0
70,28,0.14915288094581763,0
70,29,0.25581144007375145,1
70,30,0.07607003266744766,0
70,31,0.012201739007307299,0
70,32,0.2952031981969974,2
70,33,0.33775046424027955,1
70,34,0.09036649897033099,0
70,36,0.08629480741866095,0
70,37,0.05061681868318095,0
70,38,0.322695554257913,0
70,39,0.0780471209500761,0
70,40,0.46860153139293326,0
70,41,0.18237955238155368,0
70,42,0.03048970727865718,0
70,43,0.10489629771648575,0
70,44,0.5521304452070239,1
70,45,0.053613821705387824,0
70,46,0.237296878288149,0
70,47,1.3276940332618923,2
70,48,1.2115740398890138,0
70,49,1.048897010087105,0
70,50,1.5061718495806913,3
70,51,1.1489156282756026,1
70,52,0.7643862560488687,5
70,53,0.6634402892233103,0
70,54,1.4774207454814512,0
70,55,1.5890537322995342,0
70,56,0.8404727070690488,0
70,57,1.5734832963761152,1
70,58,1.274699622262973,0
71,12,0.1605510758050746,0
71,13,0.4758001548869819,0
71,25,0.10091578450329503,0
71,26,0.1969149251577505,0
71,27,1.1879675821558275,0
71,28,0.9457698933221974,2
71,29,0.09090895403180116,0
71,30,0.4056314387942047,1
71,31,0.1376192170746469,0
71,32,1.1662782662267477,2
71,33,0.12673770261378714,1
71,34,0.03173068775793751,0
71,35,0.08996874568013508,0
71,36,0.6201100763662662,0
71,37,1.3715905249447524,0
71,38,0.05648333941784908,0
71,39,0.044255688610274714,0
71,40,0.2560219817939061,1
71,41,0.03690028456317449,0
71,42,0.04970748316825721,0
71,43,0.027660203952874142,0
71,44,0.2369217857580139,0
71,45,0.08701389123041413,0
71,46,0.3426279291798552,0
71,47,0.6348683075455527,0
71,48,0.9068769418384193,0
71,49,0.9386912470897959,1
71,50,1.3187784714992465,2
71,51,1.7596300682594253,1
71,52,1.8441841779487187,1
71,53,0.4423741130483859,2
71,54,1.393239945662644,1
71,55,0.6526692617197677,1
71,56,0.2453885824404544,1
71,57,1.3012304116240838,3
71,58,0.7413482569512675,0
72,25,0.026270906730257712,0
72,26,0.16033016395837923,0
72,27,0.03900033096614442,0
72,28,0.37861285699345193,0
72,33,0.0460525949845745,0
72,34,0.1847785342281484,0
72,35,0.03679912500949937,0
72,36,0.010985768263683682,0
72,37,0.09450120417287369,0
72,48,0.19946055862774675,0
72,49,0.31800660160868544,0
72,50,0.3156216209107785,0
72,51,0.2845957179229516,1
72,52,0.10872572982889515,0
72,53,0.16101354089031203,0
72,54,0.23557054117524698,0
72,55,0.6782022783391294,0
72,56,0.2658212147256142,0
72,57,1.5882137014412336,1
72,58,0.09445029162869442,0
73,3,0.03216516982186109,0
73,8,0.025412004959344526,0
73,25,0.04733628489972739,0
73,26,0.04872341021117652,0
73,27,0.04831511952187763,0
73,28,0.08367464697187915,0
73,33,0.15251342291573733,1
73,34,0.019458597039822136,0
73,35,0.11259538429413825,0
73,37,0.04419757482557696,0
73,48,0.04443127483359594,0
73,49,0.06575339891373827,0
73,50,0.26845574592725696,0
73,51,0.8814080258406014,1
73,52,0.2932830226017408,1
73,53,0.39760508789943994,1
73,54,0.4618980172585912,0
73,55,0.780286816488734,0
73,56,0.2216644932675585,1
73,57,1.5798450055126418,2
74,25,0.006583372520826084,0
74,26,1.5506564202267767,0
74,27,0.11260335916294167,0
74,28,0.33775066271024873,0
74,32,0.10473887057766267,0
74,33,0.20394346004346578,0
74,34,0.012801590703513558,0
74,35,0.14886028022863285,0
74,48,1.143877126482321,0
74,49,0.4837901965810933,2
74,50,0.43979561344893675,0
74,51,0.4157498777567382,0
74,52,0.24832820128197794,0
74,53,1.2884022358899312,1
74,54,0.4877214640857711,0
74,55,0.98790039536402,0
74,56,0.3205354887592396,2
74,57,2.0283777122914532,0
75,26,0.03791542877666788,0
75,27,0.04865239656432179,0
75,28,0.24988564534133723,1
75,48,0.5212879727163995,0
75,49,0.1667710164505209,0
75,50,0.11762970798081415,1
75,51,0.6553645608527119,2
75,52,0.6303945251672778,1
75,53,0.5314767276389181,1
75,54,2.2983832643053153,1
75,55,0.4437727705722842,1
75,56,1.1307643252846444,0
75,57,0.11959850686175572,0
76,54,0.15357905433744312,0
76,55,0.5935466598589334,0
76,56,0.6323757934992231,0
76,57,0.05158248989740902,0
