h,w,n_cameras,violation_score,total_violations,lat,lon,addresses,pred,true,log_violation_score,high_violations,low_severe,is_preventative,is_enforcement_gap,z_viol,z_pred,preventative_score,enforcement_gap_score
4,63,1,176.57765731793543,749219.0,41.6632,-87.6337,445 W 127th St,0.1577210135379435,0,5.179408019254156,True,True,True,False,1.326741274078789,-1.147624543152713,2.4743658172315017,-2.4743658172315017
10,46,1,24.44796163069544,50974.0,41.6912,-87.7172,3843 W 111th St,0.0977201471261754,0,3.236635646692462,False,True,False,False,-0.4544063131638487,-1.3129774384520845,0.8585711252882358,-0.8585711252882358
10,57,1,19.125694093891973,37888.0,41.6907,-87.6641,11153 S Vincennes Ave,0.904943690971618,0,3.0019973118473797,False,False,False,True,-0.6695244144331609,0.39970135513868854,-1.0692257695718494,1.0692257695718494
12,53,1,380.34556574923545,248746.0,41.7015,-87.6816,10540 S Western Ave,0.179979011879973,0,5.943705960770874,True,True,True,False,2.0274550857910705,-1.0884556084487451,3.1159106942398154,-3.1159106942398154
13,52,1,90.50967741935484,28058.0,41.7065,-87.6892,2700 W 103rd St,0.0384010867448247,0,4.516444730834797,True,True,True,False,0.7189317960998716,-1.4855864000886019,2.2045181961884737,-2.2045181961884737
13,61,1,22.093167701863354,3557.0,41.70684,-87.6448,851 W 103rd St,1.1806608306429844,2,3.1395368032969264,False,False,False,True,-0.5434272263086884,0.8197033349894769,-1.3631305612981652,1.3631305612981652
13,76,1,162.99305555555554,46942.0,41.7081,-87.5676,2310 E 103rd St,0.6050585186945149,0,5.099824082754217,True,False,False,False,1.2537781526744893,-0.13251838445530892,1.3862965371297982,-1.3862965371297982
13,84,1,124.16678596993556,520383.0,41.7076,-87.5298,10318 S Indianapolis Ave,0.0223071281582446,0,4.8296471356909025,True,True,True,False,1.00607799789214,-1.5341195533550658,2.5401975512472057,-2.5401975512472057
14,56,1,15.24390243902439,8750.0,41.714,-87.6667,1732 W 99th St,0.1851439480803703,0,2.7877176038360814,False,True,False,False,-0.865977581211587,-1.0748851278243312,0.20890754661274424,-0.20890754661274424
16,65,2,35.22009180027793,146846.0,41.72175,-87.62145,57 E 95th St | 62 E 95th St,0.965729426621566,2,3.5896139869710484,False,False,False,True,-0.13079324968018527,0.4972978428106259,-0.6280910924908112,0.6280910924908112
16,82,3,69.27249863338952,289428.0,41.722166666666666,-87.53666666666668,3542 E 95th St | 3535 E 95th St | 9618 S. Ewing,0.6550677962800857,1,4.252380522183868,False,False,False,True,0.4768358435536849,-0.03718752183690878,0.5140233653905937,-0.5140233653905937
18,60,1,71.81168831168831,11059.0,41.73469,-87.6459,8740 S Vincennes St,0.6726561544617963,0,4.287876496047252,False,False,False,True,0.5093788059184567,-0.004342817655980465,0.5137216235744372,-0.5137216235744372
19,64,2,383.2705882352941,47786.0,41.73935,-87.62610000000001,8550 S Lafayette Ave | 49 W 85th St,2.155898170214461,1,5.951346961296394,True,False,False,False,2.0344604096480303,1.9682227609751415,0.06623764867288884,-0.06623764867288884
19,67,1,76.65682656826569,20774.0,41.7386,-87.6147,8590 S Martin Luther King Dr,1.2703202511606582,2,4.3522994603249705,False,False,False,True,0.568442239703535,0.9448969651587831,-0.37645472545524805,0.37645472545524805
19,75,1,30.80231996133398,63730.0,41.737,-87.5729,2109 E 87th St,0.1805614098462143,0,3.4595392418839923,False,True,False,False,-0.2500467050232424,-1.0869224334853982,0.8368757284621557,-0.8368757284621557
20,57,3,99.93960651969212,405736.0,41.7424,-87.66253333333333,8345 S Ashland Ave | 8318 S Ashland Ave | 1507 W 83rd St,1.2067231819292896,1,4.6145223827441475,True,False,False,False,0.8088500878812293,0.856617781069956,-0.047767693188726756,0.047767693188726756
20,71,1,127.69377990430624,133440.0,41.7442,-87.5933,1215 E 83RD ST,0.3825689642794156,0,4.857435783242269,True,False,False,False,1.0315548284451648,-0.5961480950597567,1.6277029235049216,-1.6277029235049216
21,43,1,57.96875,1855.0,41.74931,-87.73281,4451 W 79th St,0.2556499967298865,1,4.077007642568824,False,True,False,False,0.31605273493749,-0.8953293432927785,1.2113820782302684,-1.2113820782302684
21,44,1,9.314146341463417,9547.0,41.74949,-87.7289,4350 W 79th St,0.6988532281854825,0,2.3335163841516713,False,False,False,True,-1.282392503509881,0.043943095818552824,-1.3263355993284338,1.3263355993284338
21,46,2,19.234849592225864,39986.0,41.749545,-87.71934999999999,3832 W 79th St | 3851 W 79th St,0.1909342241122099,0,3.0074063452498385,False,True,False,False,-0.6645653739762489,-1.0597417518673655,0.3951763778911166,-0.3951763778911166
21,76,1,55.38518518518519,7477.0,41.7471,-87.5662,8134 S Yates Blvd,0.3518568109138174,0,4.032206449977611,False,False,False,True,0.2749786815813511,-0.6659465314193043,0.9409252130006553,-0.9409252130006553
22,45,2,30.361377303858458,62683.0,41.75045,-87.72194999999999,7833 S Pulaski Rd | 7826 S Pulaski Rd,0.2593137484672775,0,3.44557711364593,False,False,False,True,-0.26284728391515116,-0.8862766476876303,0.623429363772479,-0.623429363772479
22,52,1,8.674987998079693,18070.0,41.7502,-87.6874,2550 W 79th St,0.1491525895915071,0,2.269543998406517,False,True,False,False,-1.3410428436780875,-1.1707059590056115,-0.17033688467247599,0.17033688467247599
22,53,2,56.55425187660805,120251.0,41.752645,-87.68295,7739 S Western Ave | 7738 S Western Ave,1.0131849649033733,0,4.052728013874207,False,False,False,True,0.29379299793518643,0.5714162715835841,-0.2776232736483977,0.2776232736483977
22,68,1,178.75,22880.0,41.75372,-87.60533,7732 S Cottage Grove Ave,1.6216123872502135,1,5.191566996601156,True,False,False,False,1.337888711354928,1.3919092418235297,-0.05402053046860167,0.05402053046860167
23,58,1,28.7280385078219,47746.0,41.756,-87.657,1306 W 76th St,0.7405514095278537,3,3.3920906579690544,False,False,False,True,-0.31188404850194124,0.11928531746863502,-0.43116936597057626,0.43116936597057626
23,63,3,50.38787388090668,97958.0,41.75653333333333,-87.63306666666666,346 W 76th St | 7518 S Vincennes Ave | 341 W 76th St,0.9796670583902384,2,3.939402227914516,False,False,False,True,0.18989510794804182,0.5192503152877903,-0.3293552073397485,0.3293552073397485
23,74,1,33.51283863368669,142262.0,41.75869,-87.5785,1901 E 75th St,1.209633696031329,0,3.5413313891222744,False,False,False,True,-0.17505908024208214,0.8607131111549817,-1.035772191397064,1.035772191397064
24,48,1,20.55938242280285,86555.0,41.7644,-87.7097,3450 W 71st St,0.218213121418811,0,3.0708111010481045,False,True,False,False,-0.6064354409975958,-0.9893753553046644,0.38293991430706853,-0.38293991430706853
24,69,1,32.7280701754386,41041.0,41.7647,-87.6037,7157 S South Chicago Ave,0.1555414644950698,0,3.518330433545249,False,True,False,False,-0.1961465205973688,-1.1534795197359964,0.9573329991386276,-0.9573329991386276
25,49,2,98.93388641165032,420712.0,41.7684,-87.70285,6909 S Kedzie Ave | 6818 S Kedzie Ave,0.0655180614755794,0,4.604508831457891,True,True,True,False,0.7996695925410939,-1.40548879293284,2.2051583854739336,-2.2051583854739336
25,62,1,60.74193548387097,7532.0,41.769,-87.6382,504 W 69th Ave,1.0708162458175563,0,4.1229633675277535,False,False,False,True,0.3581852718144957,0.6591132322055433,-0.3009279603910476,0.3009279603910476
25,67,1,47.996350364963504,13151.0,41.76569,-87.61362,441 E 71st St,1.197386775112403,2,3.891745812988995,False,False,False,True,0.14620336636263886,0.8434441479016669,-0.697240781539028,0.697240781539028
25,69,2,122.62234983922828,152978.0,41.7655,-87.60419999999999,7122 S South Chicago Ave | 819 E 71st St,0.1616606760809412,1,4.817231352618888,True,True,True,False,0.9946951192930961,-1.1370692446777062,2.1317643639708024,-2.1317643639708024
26,42,1,27.68379446640316,28016.0,41.77129,-87.7358,4516 W Marquette Rd,0.1210679500630879,0,3.356332310550617,False,True,False,False,-0.34466755681596606,-1.2475847001350997,0.9029171433191336,-0.9029171433191336
27,66,1,34.66684018740239,66595.0,41.7793,-87.6161,6330 S Dr Martin Luther King Jr Dr,0.637858653902312,2,3.574221410849319,False,False,False,True,-0.14490527340868622,-0.069663665414407,-0.07524160799427923,0.07524160799427923
28,45,2,72.9591926009249,9223.0,41.78033,-87.722785,6198 S Pulaski Rd | 6201 S Pulaski Rd,0.3854184093025105,0,4.303513489760106,False,False,False,True,0.5237149134402317,-0.5897510467185982,1.11346596015883,-1.11346596015883
28,66,1,124.70050476724622,222341.0,41.78,-87.6198,215 E 63rd St,2.4645514128253447,3,4.833902131238467,True,False,False,False,1.009979008201073,2.258145054246437,-1.248166046045364,1.248166046045364
29,43,1,1.9859154929577465,282.0,41.7859,-87.7301,4298 w 59th St,0.2147868875581034,1,1.093906397630697,False,True,False,False,-2.4188757929558746,-0.9981263713696106,-1.420749421586264,1.420749421586264
30,45,2,0.0,0.0,41.79409,-87.72315,5433 S Pulaski Ave | 5428 S Pulaski S Rd,1.117586390195464,0,0.0,False,False,False,True,-3.4217769914323983,0.7285071872073604,-4.150284178639759,4.150284178639759
30,47,1,18.16491228070176,5177.0,41.7935,-87.7121,3510 W 55th St,0.4046309963373625,0,2.953081121765,False,False,False,True,-0.7143711268802035,-0.546958895401975,-0.1674122314782286,0.1674122314782286
30,49,3,11.68974436784125,17503.0,41.79316333333333,-87.70406666666668,3212 W 55th St | 3217 W 55th St | 5532 S Kedzie Ave,0.9196714407317302,1,2.5407941371452436,False,False,False,True,-1.0923587791025442,0.42363088167791485,-1.515989660780459,1.515989660780459
30,52,1,18.05187319884726,75168.0,41.7937,-87.6872,2513 W 55th St,0.1821812012431675,1,2.947165427386719,False,True,False,False,-0.71979467773853,-1.0826622721730654,0.3628675944345354,-0.3628675944345354
30,53,2,66.9535676016369,284161.0,41.792645,-87.68405,5529 S Western Ave | 5520 S Western Ave,1.3975476305955985,1,4.218824642554249,False,False,False,True,0.44607157343937776,1.1143123735913225,-0.6682408001519448,0.6682408001519448
30,58,2,109.07976764396356,462849.0,41.793895,-87.6583,1334 W Garfield Blvd | 1315 W Garfield Blvd,0.359723130435452,0,4.701205263390324,True,False,False,False,0.888321571982373,-0.6479191067070884,1.5362406786894613,-1.5362406786894613
30,67,1,146.1113216485078,616882.0,41.7935,-87.6119,536 E Morgan Dr,0.3578309022775877,0,4.991189590305156,True,False,False,False,1.1541812740850352,-0.6522460249065768,1.8064272989916121,-1.8064272989916121
31,68,1,52.1112160566706,220691.0,41.7977,-87.6064,5330 S Cottage Grove Ave,0.166864101744555,1,3.9723881311157014,False,True,False,False,0.22013681960175482,-1.1231827537222896,1.3433195733240444,-1.3433195733240444
32,45,3,118.36413665385726,239382.0,41.80276666666666,-87.7226,4925 S Archer Ave | 4929 S Pulaski Rd | 5030 S Pulaski Rd,1.0747087178780792,1,4.7821787928074695,True,False,False,False,0.9625586820982109,0.6649480782118943,0.29761060388631666,-0.29761060388631666
32,52,2,5.835615340018997,8200.0,41.801100000000005,-87.686,2445 W 51st St | 2440 W 51st St,0.1699336834071717,1,1.922146493924531,False,True,False,False,-1.6595393570428068,-1.1150199075759948,-0.544519449466812,0.544519449466812
32,53,1,79.02896341463415,103686.0,41.8028,-87.6837,5006 S Western Blvd,1.8447690009841784,2,4.382388611835171,False,False,False,True,0.5960281887171627,1.6457343431965015,-1.0497061544793387,1.0497061544793387
33,43,2,22.430104858533063,26629.0,41.8077,-87.73095,4246 W 47th St | 4319 W 47th St,0.2524397556498666,0,3.154021727905894,False,True,False,False,-0.5301473439699073,-0.9032832064177079,0.3731358624478006,-0.3731358624478006
33,50,1,6.913793103448276,802.0,41.8083,-87.6986,2948 W 47th St,0.2169648848396476,0,2.0686071995141257,False,True,False,False,-1.5252631360757634,-0.9925606493694524,-0.5327024867063109,0.5327024867063109
33,61,1,19.10236220472441,2426.0,41.80899,-87.6416,614 W 47th Street,0.7272198791683797,0,3.000837330782893,False,False,False,True,-0.6705878933581436,0.09539538067193033,-0.7659832740300739,0.7659832740300739
35,61,1,21.602523659305994,20544.0,41.8189,-87.6425,655 W. Root St.,0.3618631288544859,0,3.1180615663849918,False,False,False,True,-0.5631158768945109,-0.6430328673200555,0.07991699042554457,-0.07991699042554457
36,54,1,18.488064287402505,78223.0,41.8232,-87.678,2080 W Pershing Rd,0.1861287278973204,1,2.9698021903419605,False,True,False,False,-0.6990411317801078,-1.0723044073407646,0.37326327556065675,-0.37326327556065675
37,52,1,109.61111111111111,21703.0,41.8278,-87.6851,3624 S Western Ave,0.6226825558654521,0,4.706020546168031,True,False,False,False,0.8927362576257024,-0.0985875665092254,0.9913238241349278,-0.9913238241349278
37,61,1,3.125,1425.0,41.8297,-87.6413,3536 S Wallace St,0.1996750685822208,0,1.4170660197866443,False,True,False,False,-2.122600743224577,-1.0370206166409641,-1.0855801265836127,1.0855801265836127
38,56,1,533.1162790697674,137544.0,41.8324,-87.6657,3358 S Ashland Ave,0.8592010196839085,0,6.280613566322852,True,False,False,False,2.336334384893593,0.324181718249717,2.012152666643876,-2.012152666643876
40,48,1,2.709090909090909,447.0,41.84211,-87.7051,2718 S Kedzie Ave,2.4080389441720103,1,1.3107868086117453,False,False,False,True,-2.2200382831194934,2.2070455235970616,-4.4270838067165545,4.4270838067165545
40,59,1,233.4028268551237,66053.0,41.8442,-87.653,2740 S Archer Ave,0.2649668743713808,0,5.457041117592269,True,False,False,False,1.581277281604768,-0.8723599865591253,2.4536372681638934,-2.4536372681638934
40,60,1,11.81487763508602,48760.0,41.8408,-87.6463,2928 S Halsted St,0.3128175172591454,0,2.550606811201271,False,False,False,True,-1.0833624494418306,-0.7569949046701381,-0.3263675447716925,0.3263675447716925
42,52,2,50.76006306706531,97243.0,41.8535,-87.68565000000001,2115 S Western Ave | 2108 S Western Ave,1.0012614141806044,3,3.9466188686437054,False,False,False,True,0.19651137571277422,0.552959126715632,-0.35644775100285775,0.35644775100285775
42,57,1,39.262773722627735,5379.0,41.8523,-87.6631,1477 W. Cermak Rd,0.4697663922528994,0,3.6954273130850677,False,False,False,True,-0.033782836536625456,-0.40611828368369235,0.3723354471470669,-0.3723354471470669
43,48,1,9.426770126091174,9719.0,41.8591,-87.7083,3314 W 16th St,1.3171486319499937,3,2.344376549538849,False,False,False,True,-1.2724358263151556,1.0083327616001505,-2.280768587915306,2.280768587915306
44,50,1,122.35128144838936,520360.0,41.8604,-87.6987,2900 W Ogden  Ave,0.491731477199479,0,4.815036231639598,True,False,False,False,0.9926826167008275,-0.36002764480127963,1.3527102615021072,-1.3527102615021072
45,44,2,48.60697724535342,89462.0,41.86750000000001,-87.72524999999999,1110 S Pulaski Rd | 1117 S Pulaski Rd,1.6395953595966717,1,3.9041314941069696,False,False,False,True,0.15755864727521862,1.413149560021602,-1.2555909127463833,1.2555909127463833
45,50,2,93.72321616575482,397398.0,41.8665,-87.69905,2917 W Roosevelt Rd | 2912 W Roosevelt Rd,1.6982942623773232,1,4.550959125011905,True,False,False,False,0.7505748391974202,1.4814873929627288,-0.7309125537653086,0.7309125537653086
46,37,2,28.497238020351887,119519.0,41.873450000000005,-87.76464999999999,515 S Central Ave | 506 S Central Ave,1.0355809743022166,0,3.384296632533797,False,False,False,True,-0.3190296666891156,0.6057907171203438,-0.9248203838094594,0.9248203838094594
46,58,1,1.565217391304348,180.0,41.87141,-87.6569,812 S Racine Ave,0.3868287245812182,0,0.9420432279765698,False,False,False,True,-2.5581050315638985,-0.5865897329200288,-1.9715152986438698,1.9715152986438698
46,64,2,68.05590712182439,138268.0,41.8738,-87.62755,630 S State St | 629 S State St,2.030673746941725,0,4.234916424665818,False,False,False,True,0.4608246342133806,1.842422483672168,-1.3815978494587875,1.3815978494587875
47,35,1,60.12061141628851,251725.0,41.8772,-87.7704,5816 W Jackson Blvd,0.7321430039275985,0,4.112849148346982,False,False,False,True,0.34891248342965725,0.10423896487252512,0.24467351855713212,-0.24467351855713212
47,46,1,31.127281460134487,129614.0,41.8771,-87.7182,3655 W Jackson Blvd,0.5434492494371171,1,3.469705558908013,False,False,False,True,-0.24072615296360922,-0.2541313921914333,0.013405239227824106,-0.013405239227824106
47,48,1,23.34512195121951,95715.0,41.8766,-87.7061,324 S Kedzie Ave,1.0228135964928071,0,3.192331498914355,False,False,False,True,-0.49502467228523395,0.5862413736820757,-1.0812660459673098,1.0812660459673098
47,49,1,24.32312515071136,100868.0,41.8772,-87.7029,3047 W Jackson Blvd,0.8531884432453066,0,3.2317180158330263,False,False,False,True,-0.45891483225951835,0.31411725169909205,-0.7730320839586104,0.7730320839586104
47,57,1,5.906614785992218,1518.0,41.8778,-87.6611,1341 W Jackson Blvd,0.607896985021455,0,1.9324796170142964,False,False,False,True,-1.6500658759907014,-0.12702850952897232,-1.5230373664617292,1.5230373664617292
47,61,2,13.977961432506888,1999.0,41.87933,-87.64333500000001,147 S Desplaines St | 216 S Jefferson St,1.7638994437401876,0,2.70657988288107,False,False,False,True,-0.9403652233020632,1.5561280114794276,-2.4964932347814908,2.4964932347814908
47,65,2,177.17045795795798,31003.0,41.878420000000006,-87.62431000000001,200 S Michigan Ave | 385 Michigan Ave,2.227109218048881,3,5.1827407210352705,True,False,False,False,1.3297967188752395,2.0375531041447728,-0.7077563852695332,0.7077563852695332
48,46,1,43.08696676879566,182818.0,41.88089,-87.7179,3646 W Madison St,1.3142403904281343,0,3.786164200650256,False,False,False,True,0.04940539006325079,1.0044306241090084,-0.9550252340457577,0.9550252340457577
48,57,1,68.05890669180019,288842.0,41.8832,-87.6641,115 N Ogden Ave,0.6792807346301664,0,4.234959860556486,False,False,False,True,0.4608644565481822,0.007938540431798832,0.4529259161163834,-0.4529259161163834
50,44,1,22.47041272998508,45188.0,41.8945,-87.7262,732 N Pulaski Rd,0.4769833850903223,1,3.155740595135881,False,False,False,True,-0.5285714742165998,-0.3908988958242597,-0.1376725783923401,0.1376725783923401
50,57,1,70.61672473867596,20267.0,41.891,-87.6646,1455 W Grand Ave,0.3113051743018822,0,4.271328632425397,False,False,False,True,0.49420760635830274,-0.7605762772264062,1.254783883584709,-1.254783883584709
50,65,2,41.74699515200007,169973.0,41.890045,-87.6203,450 N Columbus Dr | 449 N Columbus Dr,3.0118849283677207,4,3.755298904070289,False,False,False,True,0.021107865706114406,2.7138863287459576,-2.692778463039843,2.692778463039843
50,66,2,190.2731887091929,73374.0,41.891200000000005,-87.6182,324 E Illinois St | 324 E Illinois St | 451 E Grand Ave,1.0068411681339529,1,5.253702713509325,True,False,False,False,1.3948551804151432,0.561609997052293,0.8332451833628503,-0.8332451833628503
51,44,2,65.7676295489876,132824.0,41.895300000000006,-87.7277,4041 W Chicago Ave | 4040 W Chicago Ave,2.2347106691263217,2,4.201218375502083,False,False,False,True,0.4299300220547628,2.04486323511972,-1.6149332130649572,1.6149332130649572
51,49,1,32.85031234983181,136723.0,41.89929,-87.7045,3100 W Augusta Blvd,1.2004947266649502,5,3.521948226784893,False,False,False,True,-0.19282970191549828,0.8478356600750683,-1.0406653619905666,1.0406653619905666
51,63,1,135.98978644382544,146461.0,41.8988,-87.6313,901 N Clark St,1.3827342532694584,4,4.9199063715441,True,False,False,False,1.088828309990878,1.095055522577467,-0.006227212586588982,0.006227212586588982
51,64,2,20.799533896689923,18783.0,41.89666666666667,-87.62893333333334,19 E Chicago Ave | 19 E Chicago Ave | 14 W Chicago Ave,2.3335127007528644,3,3.0818885886806857,False,False,False,True,-0.5962795212160797,2.1383465325388027,-2.7346260537548823,2.7346260537548823
52,49,1,93.96445610687024,393899.0,41.9014,-87.7021,1111 N Humboldt Blvd,0.3312803333240254,1,4.553502675346901,True,False,False,False,0.7529067843116258,-0.713602793529963,1.4665095778415889,-1.4665095778415889
52,52,3,74.01902029866292,145362.0,41.90353,-87.68663333333332,1226 S Western Ave | 1229 N Western Ave | 2329 W Division St,0.7775043273496618,2,4.317741685366428,False,False,False,True,0.5367594247957238,0.1845600791406525,0.35219934565507127,-0.35219934565507127
52,57,2,93.284440675131,108861.0,41.903400000000005,-87.66465,1444 W Division St | 1455 W Division St,1.907711331515032,2,4.546316177882889,True,False,False,False,0.7463181521077036,1.713731117543106,-0.9674129654354024,0.9674129654354024
53,44,2,64.32991923056485,215574.0,41.909845,-87.72835,4042 W North Ave | 4053 W North Ave,2.1391450001340444,2,4.179450112521952,False,False,False,True,0.4099727230767056,1.9516847752840794,-1.5417120522073737,1.5417120522073737
54,44,1,25.97863623061165,88769.0,41.9134,-87.7266,1754 N Pulaski Rd,0.978679663336103,2,3.2950453020821664,False,False,False,True,-0.40085592391682323,0.5177002127554191,-0.9185561366722423,0.9185561366722423
54,56,2,44.84885961150381,85996.0,41.91175,-87.66775,1635 N Ashland Ave | 1638 N Ashland Ave,1.3507948026054009,0,3.825350326234025,False,False,False,True,0.08533150988185086,1.0531248056645977,-0.9677932957827468,0.9677932957827468
54,63,1,26.64591439688716,6848.0,41.9122,-87.633,1635 N LaSalle,1.843601006283786,2,3.3194779556359815,False,False,False,True,-0.3784558926306407,1.6444583853051509,-2.022914277935792,2.022914277935792
55,37,1,17.394512771996215,36772.0,41.9182,-87.7623,5440 W Grand Ave,0.0879533963179482,0,2.912052401225588,False,True,False,False,-0.7519865509147068,-1.3407458478844476,0.5887592969697408,-0.5887592969697408
55,63,1,39.064547206165706,40549.0,41.9159,-87.6344,1817 N Clark St,0.1944491964630849,0,3.690491833685221,False,True,False,False,-0.038307719301625444,-1.0505848758731007,1.0122771565714752,-1.0122771565714752
56,33,2,38.20983880658416,152206.0,41.9237,-87.78255,6247 W Fullerton Ave | 6250 W Fullerton Ave,0.2564341406886795,0,3.668927705267587,False,True,False,False,-0.058077866254772674,-0.8933895969773056,0.835311730722533,-0.835311730722533
56,37,2,40.446377335744415,80767.0,41.92400000000001,-87.76345,5509 W Fullerton Ave | 5446 W Fullerton Ave,0.5290837457365047,0,3.724400479347954,False,False,False,True,-0.007220030768560162,-0.28318571579338553,0.2759656850248254,-0.2759656850248254
56,39,1,83.3695652173913,11505.0,41.9242,-87.7534,5050 W Fullerton Ave,0.5623801768241741,0,4.435206734879811,False,False,False,True,0.6444522211732133,-0.2162537471806552,0.8607059683538685,-0.8607059683538685
56,40,1,42.12170579779588,87908.0,41.9241,-87.748,4843 W Fullerton Ave,2.1455946158511416,0,3.764026485136379,False,False,False,True,0.02910937436347349,1.958061974797421,-1.9289526004339477,1.9289526004339477
56,48,1,36.55406698564593,38199.0,41.92199,-87.707,2223 N Kedzie Blvd,0.5804507526568942,0,3.62578168088437,False,False,False,True,-0.09763444957592983,-0.1805232498523112,0.08288880027638136,-0.08288880027638136
56,51,1,99.3221110100091,109155.0,41.9249,-87.6941,2638 W Fullerton Ave,0.4419269555736899,0,4.608386119426464,True,False,False,False,0.8032243178438643,-0.4655353692019958,1.26875968704586,-1.26875968704586
57,38,1,5.191666666666666,623.0,41.92859,-87.75641,2622 N. Laramie Ave,0.487804078603066,0,1.8232043019357131,False,False,False,True,-1.7502502653439203,-0.3682187020532897,-1.3820315632906306,1.3820315632906306
57,50,1,37.42567567567568,5539.0,41.9286,-87.6958,2716 W Logan Blvd,0.4741633817359839,0,3.6487258735426846,False,False,False,True,-0.07659904986994119,-0.39683692395125997,0.32023787408131876,-0.32023787408131876
57,55,1,22.401995905834188,87547.0,41.9262,-87.6709,2448 Clybourn Ave,0.4038236526817492,1,3.152821313847353,False,False,False,True,-0.5312478921526279,-0.5487452774068992,0.017497385254271247,-0.017497385254271247
57,56,2,74.51605657991198,290680.0,41.92631,-87.66818,2443 N Ashland | 2432 N Ashland Ave,0.9859143646969096,0,4.324345303576544,False,False,False,True,0.5428136691365104,0.5290400199386519,0.013773649197858506,-0.013773649197858506
57,63,1,29.535055350553503,8004.0,41.9258,-87.6349,220 W Fullerton Ave,0.924121850085422,0,3.418875379365563,False,False,False,True,-0.28732762461814304,0.43082575962680064,-0.7181533842449437,0.7181533842449437
58,42,1,6.221374045801527,815.0,41.9317,-87.7379,4424 W Diversey Ave,0.3669614252569251,0,1.9770452458507268,False,False,False,True,-1.6092077891674401,-0.6314228391490618,-0.9777849500183783,0.9777849500183783
58,44,2,45.70991243698116,18596.0,41.931250000000006,-87.72614999999999,3911 W Diversey Ave | 2711 N Pulaski,1.334421274353259,0,3.8439563999025648,False,False,False,True,0.10238969111338682,1.0314079113214056,-0.9290182202080188,0.9290182202080188
59,32,4,14.852338093975051,23757.0,41.937645,-87.787125,3115 N Narragansett Ave | 6514 W Belmont Ave | 6443 W Belmont Ave,0.7427810594079549,0,2.7633170032596572,False,False,False,True,-0.888348226099162,0.12326295408260711,-1.011611180181769,1.011611180181769
59,41,1,12.804371002132196,48042.0,41.939,-87.7431,4620 W Belmont Ave,0.2791599529812,1,2.6249852812968033,False,False,False,True,-1.01517173681667,-0.837692236414354,-0.17747950040231597,0.17747950040231597
59,44,2,36.84438555670459,58123.0,41.939350000000005,-87.727,3230 N Milwaukee Ave | 4021 W Belmont Ave,1.2011873479357351,3,3.6334826348440097,False,False,False,True,-0.09057415998235675,0.8488134835495884,-0.9393876435319451,0.9393876435319451
59,45,2,12.830517820833368,23474.0,41.93915,-87.7227,3809 W Belmont Ave | 3810 W Belmont Ave,0.7880002161075574,1,2.6268775868291994,False,False,False,True,-1.013436857588946,0.20285298844451644,-1.2162898460334626,1.2162898460334626
59,56,2,36.23380927843287,64331.0,41.93855,-87.66865,3111 N Ashland Ave | 3130 N Ashland Ave,0.8522082043700547,0,3.617217200094358,False,False,False,True,-0.10548642673525165,0.3124733322643437,-0.41795975899959537,0.41795975899959537
60,24,3,147.69746989198134,405249.0,41.94473333333334,-87.8276,8043 W Addison St | 8006 W Addison St | 8020 W Forest Preserve Ave,0.2523588508354189,0,5.001913838472541,True,True,True,False,1.164013341401878,-0.9034839237402478,2.067497265142126,-2.067497265142126
61,29,1,32.44498051586565,7670.0,41.9454,-87.8002,6935 W Addison St | 6935 W Addison St,0.1466001139085808,0,3.5099017159977888,False,True,False,False,-0.2038740290462425,-1.1776150353180947,0.9737410062718522,-0.9737410062718522
61,34,1,8.096296296296297,1093.0,41.9473,-87.7765,3665 N Austin Ave,1.08760072298698,0,2.2078673302686584,False,False,False,True,-1.3975884535469674,0.6841954216386743,-2.081783875185642,2.081783875185642
61,42,1,29.53448275862069,17130.0,41.9466,-87.736,3601 N Milwaukee Ave,0.5169022270511827,0,3.4188566272364143,False,False,False,True,-0.2873448167040819,-0.3080375904071758,0.020692773703093914,-0.020692773703093914
61,51,1,66.46821094135042,134864.0,41.9466,-87.6905,2549 W Addison St,0.1541264193466287,0,4.211656537930135,False,True,False,False,0.43949980392244337,-1.157286705933326,1.5967865098557694,-1.5967865098557694
61,52,2,119.82893289854326,211993.0,41.9458,-87.68825000000001,3534 N Western Ave | 3521 N Western Ave,1.1111030191176607,0,4.794375767572125,True,False,False,False,0.9737409556782491,0.7189796921250217,0.2547612635532275,-0.2547612635532275
62,33,1,54.16181988742965,230946.0,41.9531,-87.7828,6226 W Irving Park Rd,0.5822441026481184,0,4.0102710452639085,False,False,False,True,0.2548681458681604,-0.1769996132618811,0.4318677591300415,-0.4318677591300415
62,37,1,47.48301259206463,199856.0,41.9533,-87.7643,5454 W Irving Park,0.3265005698068735,0,3.881213480755817,False,False,False,True,0.13654724894501957,-0.7247783975040716,0.8613256464490912,-0.8613256464490912
62,50,2,182.3050771928487,651162.0,41.95399999999999,-87.69640000000001,2705 W Irving Park Ave | 2712 W Irving Park Ave,0.6485431496152534,0,5.211151853277377,True,False,False,False,1.355844247838776,-0.04946055670126602,1.405304804540042,-1.405304804540042
62,51,1,65.57769304099142,68791.0,41.9539,-87.6913,2501 W Irving Park Rd,0.2404364480295492,0,4.198369582117187,False,True,False,False,0.42731822793223817,-0.933204949007037,1.3605231769392752,-1.3605231769392752
62,58,1,102.83190066857688,430660.0,41.9545,-87.6589,1142 W Irving Park Rd,0.5233341751484926,0,4.642773251729796,True,False,False,False,0.8347506863465793,-0.29489081855843025,1.1296415049050097,-1.1296415049050097
63,36,1,11.70019249278152,48626.0,41.9557,-87.7669,4123 N Central Ave,0.300618526282969,0,2.5416171502616116,False,False,False,True,-1.0916042347991604,-0.7860016157755675,-0.30560261902359287,0.30560261902359287
63,56,1,41.70748299319728,6131.0,41.9568,-87.669,4118 N Ashland Ave,0.5770794882290287,0,3.7543741506231627,False,False,False,True,0.020260045140820065,-0.1871580640637304,0.20741810920455045,-0.20741810920455045
64,50,1,2.870096463022508,4463.0,41.9611,-87.697,2721 W Montrose Ave,0.20067171595579,0,1.353279432576656,False,True,False,False,-2.1810807419686937,-1.0344404315383429,-1.1466403104303509,1.1466403104303509
64,52,2,38.25779660457128,160399.0,41.96235,-87.68875,4433 N Western Ave | 4436 N Western Ave,0.8758500101631874,1,3.6701500641090945,False,False,False,True,-0.05695719893828984,0.35188157629375244,-0.40883877523204226,0.40883877523204226
64,53,1,4.387545176536002,15782.0,41.9623,-87.6846,4432 N Lincoln Ave,0.3942398620378829,0,1.6840898408306255,False,False,False,True,-1.877791396897673,-0.5700298409774804,-1.3077615559201925,1.3077615559201925
64,58,2,7.067770632900233,23617.0,41.96275,-87.65575000000001,4429 N Broadway Ave | 4446 N Broadway Ave,0.8176022291336482,0,2.087877190448907,False,False,False,True,-1.5075962707525674,0.2538725198651749,-1.7614687906177422,1.7614687906177422
65,37,2,52.574725163534254,222193.0,41.9685,-87.76395,5432 W Lawrence Ave | 5471 W Higgins Rd,1.0426800578420845,0,3.9810774114077847,False,False,False,True,0.22810321383594484,0.61660782117932,-0.38850460734337516,0.38850460734337516
65,39,1,166.6672845227062,179834.0,41.9679,-87.7523,4949 W Lawrence Ave,0.5214810467592076,1,5.121981566450921,True,False,False,False,1.2740922919854751,-0.29867287427594097,1.5727651662614162,-1.5727651662614162
65,56,1,22.912587412587413,6553.0,41.9676,-87.6695,4716 N Ashland,1.2085479987362944,2,3.1744049902782434,False,False,False,True,-0.5114598234413071,0.8591860779024144,-1.3706459013437216,1.3706459013437216
66,40,1,200.45346062052505,755910.0,41.9701,-87.7477,4909 N Cicero Ave,0.4415580013093033,0,5.305558390047886,True,False,False,False,1.442396835040232,-0.46633049921814906,1.9087273342583813,-1.9087273342583813
66,44,1,65.8328530259366,274128.0,41.9743,-87.7282,5120 N Pulaski Rd,0.2451709371419941,2,4.20219477140835,False,True,False,False,0.43082518879544923,-0.9213684185882058,1.3521936073836551,-1.3521936073836551
66,54,1,1.2777777777777777,138.0,41.974,-87.6793,5059 N Damen Ave,0.257966210021841,0,0.8232003088081431,False,True,False,False,-2.667061068682443,-0.8896031895228761,-1.777457879159567,1.777457879159567
67,30,1,32.99270072992701,4520.0,41.9756,-87.7986,6824 W Foster Ave,0.3309861156530708,0,3.5261458171542523,False,False,False,True,-0.18898132108395566,-0.7142895464864539,0.5253082254024983,-0.5253082254024983
67,34,1,34.83348498635123,38282.0,41.9758,-87.7786,6020 W Foster Ave,0.113532079518669,0,3.5788827910678958,False,True,False,False,-0.14063168673080345,-1.26854119171662,1.1279095049858165,-1.1279095049858165
67,36,1,16.50735294117647,2245.0,41.98,-87.7683,5432 N Central Ave,1.0466684923320622,1,2.8626209607508106,False,False,False,True,-0.7973056486016293,0.6226686465922167,-1.419974295193846,1.419974295193846
67,43,1,133.1412213740458,558128.0,41.9755,-87.7317,4124 W Foster Ave,0.1862397406851081,0,4.898893135848909,True,True,True,False,1.069563225420369,-1.0720136208891906,2.14157684630956,-2.14157684630956
67,49,1,30.39698243878308,122895.0,41.9759,-87.7048,3034 W Foster Ave,0.1597137610959093,1,3.446711787620544,False,True,False,False,-0.26180700671091767,-1.1422810141019029,0.8804740073909851,-0.8804740073909851
68,31,1,39.76192946058092,76661.0,41.983,-87.7908,6510 W Bryn Mawr Ave,0.2771935460062185,0,3.7077485443436022,False,False,False,True,-0.022486643715507647,-0.8424723243322229,0.8199856806167152,-0.8199856806167152
69,40,1,52.053818554587394,101557.0,41.9898,-87.7462,4707 W Peterson Ave,0.4811315777977785,0,3.9713068427633598,False,False,False,True,0.21914548671732254,-0.3821846970552823,0.6013301837726048,-0.6013301837726048
69,56,1,36.45890736342043,153492.0,41.9889,-87.6686,5885 N Ridge Ave,1.09115505639887,1,3.623244528502463,False,False,False,True,-0.09996052900104664,0.6894810251258255,-0.7894415541268722,0.7894415541268722
69,57,1,402.6560283687944,113549.0,41.9887,-87.6601,5857 N Broadway,1.6542944162763151,0,6.000563100372869,True,False,False,False,2.0795821174752183,1.4304039252945395,0.6491781921806787,-0.6491781921806787
70,32,1,113.51162790697674,29286.0,41.99,-87.7875,5941 N Nagle,0.2952031981969974,2,4.740676371610782,True,False,False,False,0.9245089659177527,-0.7989654611512851,1.7234744270690379,-1.7234744270690379
70,40,2,45.24830265848671,88363.0,41.99105,-87.74690000000001,6125 N Cicero Ave | 4674 W Peterson Ave,0.4686015313929332,0,3.8340247640090364,False,False,False,True,0.09328429639037804,-0.40858177594883116,0.5018660723392092,-0.5018660723392092
70,48,1,65.17473378509196,269302.0,41.9903,-87.7095,3137 W Peterson Ave,1.2115740398890138,0,4.192298725212621,False,False,False,True,0.4217524229615789,0.8634403370291905,-0.44168791406761165,0.44168791406761165
70,50,1,159.84132841328417,43317.0,41.9906,-87.6962,2650 W Peterson Ave,1.5061718495806913,3,5.080418341217076,True,False,False,False,1.2359868302294637,1.251987473198188,-0.016000642968724277,0.016000642968724277
70,58,1,72.75091575091575,19861.0,41.9938,-87.6554,6151 N Sheridan Rd,1.274699622262973,0,4.300693412104409,False,False,False,True,0.5211294461033361,0.9508846564044359,-0.42975521030109975,0.42975521030109975
72,37,1,108.91575091575092,29734.0,42.0014,-87.7625,6616 N Central Ave,0.0945012041728736,0,4.699714171574677,True,True,True,False,0.8869545283557985,-1.3221020102051588,2.209056538560957,-2.209056538560957
72,52,1,58.29737402413059,246423.0,42.0003,-87.6898,6523 N Western Ave,0.1087257298288951,0,4.08256502212486,False,True,False,False,0.32114778020755064,-1.2819813660785853,1.603129146286136,-1.603129146286136
74,27,1,165.20825515947467,88056.0,42.0116,-87.8142,7508 W Touhy Ave,0.1126033591629416,0,5.1132415512207725,True,True,True,False,1.2660793835976973,-1.27113367943764,2.5372130630353373,-2.5372130630353373
74,57,1,197.51041666666663,56883.0,42.0122,-87.663,7115 N Sheridan Rd,2.028377712291453,0,5.290841575660539,True,False,False,False,1.4289043544963806,1.8400676669051952,-0.41116331240881454,0.41116331240881454
